1111027375142|华龙美晟|https://bj.lianjia.com/xiaoqu/1111027375142/|东城|永定门|近地铁14号线(东段)景泰站|8|4|2009年建成|塔楼/塔板结合|2.38元/平米/月|北京喜莱达物业管理有限公司|华龙置业房地产开发有限公司|5栋|1124户|66150|2018-11-03 15:32:55.472373
1111027380930|新景家园东区|https://bj.lianjia.com/xiaoqu/1111027380930/|东城|崇文门|近地铁5号线磁器口站|36|10|2002年建成|板楼/塔板结合|1.14至2.48元/平米/月|北京新世界物业管理有限公司|北京崇文新世界房地产发展有限公司|15栋|5389户|98817|2018-11-03 15:32:55.472649
1111027381005|兴隆都市馨园|https://bj.lianjia.com/xiaoqu/1111027381005/|东城|崇文门|近地铁5号线崇文门站|20|10|2002年建成|塔楼/板楼/塔板结合|0.5至1.68元/平米/月|北京馨康景物业管理有限责任公司|北京市兴隆房地产开发公司|21栋|3244户|94682|2018-11-03 15:32:55.472751
1111027380567|新奥洋房|https://bj.lianjia.com/xiaoqu/1111027380567/|东城|永定门|近地铁14号线(东段)景泰站|10|4|2005年建成|板楼/塔板结合|2.4元/平米/月|北京新浩物业管理有限责任公司|中冶置业有限责任公司|10栋|1219户|74098|2018-11-03 15:32:55.472863
1111027382485|中海紫御公馆|https://bj.lianjia.com/xiaoqu/1111027382485/|东城|陶然亭|近地铁14号线(东段)永定门外站|15|6|2010年建成|塔板结合|3.28至6元/平米/月|北京中海物业管理有限公司|北京中海豪峰房地产开发有限公司|8栋|3134户|102374|2018-11-03 15:32:55.472961
1111027380931|新景家园西区|https://bj.lianjia.com/xiaoqu/1111027380931/|东城|崇文门|近地铁5号线磁器口站|11|10|2001年建成|板楼/塔板结合|1.14至2.45元/平米/月|北京新世界物业管理有限公司|北京崇文新世界房地产发展有限公司|9栋|2588户|99876|2018-11-03 15:32:55.473056
1111027375280|海晟名苑南区|https://bj.lianjia.com/xiaoqu/1111027375280/|东城|工体|近地铁2号线东直门站|12|2|2003年建成|板楼/塔板结合|4元/平米/月|北京仲量联行物业管理服务有限公司|北京海晟房地产开发有限公司|22栋|1062户|114572|2018-11-03 15:32:55.473149
1111027382283|左安浦园|https://bj.lianjia.com/xiaoqu/1111027382283/|东城|左安门|近地铁14号线(东段)方庄站|20|7|2001年建成|板楼/塔板结合|1.15元/平米/月|北京崇开嘉信物业管理有限公司|北京市崇文区城市建设开发公司|5栋|2424户|75585|2018-11-03 15:32:55.473242
1111027380027|天天家园|https://bj.lianjia.com/xiaoqu/1111027380027/|东城|永定门|近地铁14号线(东段)景泰站|10|1|2002年建成|塔楼/板楼/塔板结合|1.58至1.98元/平米/月|北京中和枣苑物业管理有限责任公司|北京恒鸿房地产开发有限公司|10栋|1273户|63255|2018-11-03 15:32:55.473334
1111027380242|万国城MOMA|https://bj.lianjia.com/xiaoqu/1111027380242/|东城|东直门|近地铁2号线安定门站|41|6|2002年建成|塔楼/板楼/塔板结合|3.5至6.8元/平米/月|第一物业服务（北京）有限公司|当代节能置业股份有限公司|11栋|1697户|103742|2018-11-03 15:32:55.473427
1111027374680|广渠家园|https://bj.lianjia.com/xiaoqu/1111027374680/|东城|广渠门|近地铁7号线广渠门外站|8|3|2009年建成|塔楼/板楼/塔板结合|1.42元/平米/月|北京鹏昊物业管理有限公司|北京鑫阳房地产|5栋|2211户|83595|2018-11-03 15:32:55.473525
1111027374691|国瑞城中区|https://bj.lianjia.com/xiaoqu/1111027374691/|东城|崇文门|近地铁5号线崇文门站|6|9|2004年建成|板楼/塔板结合|1.1至3.1元/平米/月|北京国瑞物业管理有限公司|北京国瑞兴业地产有限公司|14栋|3402户|97216|2018-11-03 15:32:55.473636
1111027379543|水上华城|https://bj.lianjia.com/xiaoqu/1111027379543/|东城|广渠门|近地铁7号线广渠门内站|19|7|2004年建成|板楼/塔板结合|2.8元/平米/月|深圳长城物业集团股份有限公司北京分公司|北京神华房地产开发有限公司|6栋|1696户|91008|2018-11-03 15:32:55.473732
1111027377413|景泰西里西区|https://bj.lianjia.com/xiaoqu/1111027377413/|东城|永定门|近地铁14号线(东段)景泰站|11|1|2003年建成|塔板结合|1.14元/平米/月|北京国泰顺达物业管理有限公司|中冶置业有限责任公司|16栋|1582户|65775|2018-11-03 15:32:55.473834
1111027375998|保利蔷薇|https://bj.lianjia.com/xiaoqu/1111027375998/|东城|广渠门|近地铁7号线广渠门内站|10|7|2005年建成|塔楼/塔板结合|2.8元/平米/月|保利物业管理(北京)有限公司|保利（北京）房地产开发有限公司|3栋|752户|99556|2018-11-03 15:32:55.474021
1111027382190|远洋德邑|https://bj.lianjia.com/xiaoqu/1111027382190/|东城|广渠门|近地铁7号线广渠门外站|13|5|2002年建成|塔楼/塔板结合|2.86至2.98元/平米/月|河北恒辉物业服务集团有限公司北京分公司|北京方锦基业房地产开发有限公司|3栋|727户|79862|2018-11-03 15:32:55.474116
1111027382035|悠胜美苑|https://bj.lianjia.com/xiaoqu/1111027382035/|东城|永定门|近地铁14号线(东段)永定门外站|6|1|2000年建成|塔楼/板楼/塔板结合|1至2.5元/平米/月|北京中和枣苑物业管理有限责任公司|北京中信房地产有限公司|8栋|568户|62152|2018-11-03 15:32:55.474209
1111027374300|富莱茵花园|https://bj.lianjia.com/xiaoqu/1111027374300/|东城|永定门|近地铁14号线(东段)景泰站|6|0|1990年建成|塔楼/板楼|0.58至2.05元/平米/月|北京富莱茵物业公司|北京鸿运置业股份有限公司|18栋|1205户|59454|2018-11-03 15:32:55.474301
1111027374707|官书院|https://bj.lianjia.com/xiaoqu/1111027374707/|东城|安定门|近地铁2号线安定门站|4|2|1995年建成|板楼|2.3元/平米/月|北京兰基物业管理有限公司|北京天石恒房地产开发有限公司|3栋|322户|118486|2018-11-03 15:32:55.474394
1111027382286|左安漪园|https://bj.lianjia.com/xiaoqu/1111027382286/|东城|左安门|近地铁14号线(东段)方庄站|12|5|2004年建成|塔楼/板楼/塔板结合|2.3至2.5元/平米/月|北京崇开嘉信物业管理有限公司|北京崇开嘉信房地产开发有限公司|8栋|1223户|79849|2018-11-03 15:32:55.474488
1111027381711|雍和家园一期|https://bj.lianjia.com/xiaoqu/1111027381711/|东城|和平里|近地铁2号线雍和宫站|8|5|2001年建成|塔板结合|3.5元/平米/月|北京达尔文国际酒店物业管理有限公司|北京银泰雍和房地产开发有限公司|5栋|546户|93246|2018-11-03 15:32:55.474581
1111027375430|海运仓小区|https://bj.lianjia.com/xiaoqu/1111027375430/|东城|东直门|近地铁2号线东四十条站|21|3|2002年建成|板楼|0.61至1.2元/平米/月|北京市东旭佳业物业管理有限责任公司|北京住宅开发建设集团总公司房地产开发部|16栋|2188户|102873|2018-11-03 15:32:55.474675
1111027381364|新怡家园|https://bj.lianjia.com/xiaoqu/1111027381364/|东城|崇文门|近地铁5号线崇文门站|13|2|2004年建成|板楼|2.93元/平米/月|北京新世界物业管理有限公司|北京崇文新世界房地产发展有限公司|8栋|1500户|125587|2018-11-03 15:32:55.474777
1111027375206|和平里五区|https://bj.lianjia.com/xiaoqu/1111027375206/|东城|和平里|近地铁5号线和平里北街站|19|6|1996年建成|板楼/塔板结合|0.6至2元/平米/月|北京首华物业管理有限公司|无开发商|15栋|1710户|109567|2018-11-03 15:32:55.474873
1111027374519|冠城名敦道|https://bj.lianjia.com/xiaoqu/1111027374519/|东城|广渠门|近地铁7号线广渠门外站|24|6|2009年建成|塔楼/板楼/塔板结合|3.6至3.9元/平米/月|北京冠城物业管理有限公司|北京鑫阳房地产开发有限公司|11栋|1854户|76271|2018-11-03 15:32:55.474967
1111027377351|金世纪嘉园|https://bj.lianjia.com/xiaoqu/1111027377351/|东城|广渠门|近地铁10号线劲松站|20|4|2003年建成|塔楼|2.5元/平米/月|无物业管理服务|北京光华建业房地产开发有限公司|6栋|1215户|84880|2018-11-03 15:32:55.475059
1111027380488|望陶园小区|https://bj.lianjia.com/xiaoqu/1111027380488/|东城|永定门|近地铁14号线(东段)永定门外站|5|1|1999年建成|塔楼/板楼|1.35元/平米/月|北京润豪物业管理有限责任公司|北京一商集团有限责任公司房地产开发分公司|6栋|902户|60770|2018-11-03 15:32:55.475151
1111027374222|富贵园一区|https://bj.lianjia.com/xiaoqu/1111027374222/|东城|东花市|近地铁7号线广渠门内站|10|3|2003年建成|板楼|2.05至5.5元/平米/月|北京国瑞物业管理有限公司|北京国瑞兴业地产有限公司|10栋|1352户|109913|2018-11-03 15:32:55.475335
1111043315856|本家润园三期|https://bj.lianjia.com/xiaoqu/1111043315856/|东城|东花市|近地铁10号线劲松站|6|9|2004年建成|塔楼/塔板结合|1.1至5.5元/平米/月|北京泰宇物业管理有限公司|北京九鼎房地产开发有限责任公司|2栋|1905户|88685|2018-11-03 15:32:55.475430
1111027377935|绿景苑|https://bj.lianjia.com/xiaoqu/1111027377935/|东城|广渠门|近地铁7号线广渠门内站|11|1|1999年建成|塔楼/板楼/塔板结合|2.15至3元/平米/月|北京瑞来物业管理有限公司|北京市兴隆房地产开发公司|6栋|1144户|90456|2018-11-03 15:32:55.475521
1111027377312|金桥国际|https://bj.lianjia.com/xiaoqu/1111027377312/|东城|广渠门|近地铁7号线广渠门外站|12|7|2004年建成|塔楼|4.8元/平米/月|北京嘉安物业管理有限公司|北京新润房地产开发有限公司|3栋|941户|74696|2018-11-03 15:33:24.480919
1111027376748|豆瓣胡同|https://bj.lianjia.com/xiaoqu/1111027376748/|东城|朝阳门内|近地铁2号线朝阳门站|20|6|2003年建成|板楼|0.98元/平米/月|北京东方容和物业管理有限责任公司|北京住总房地产开发有限责任公司|4栋|1803户|124882|2018-11-03 15:33:24.481182
1111027378889|青年湖东里|https://bj.lianjia.com/xiaoqu/1111027378889/|东城|安定门|近地铁2号线安定门站|7|8|1980年建成|塔楼/板楼|暂无信息|无物业管理服务|首开集团|21栋|1600户|94210|2018-11-03 15:33:24.481359
1111027375215|和平新城一期|https://bj.lianjia.com/xiaoqu/1111027375215/|东城|和平里|近地铁2号线雍和宫站|11|1|2001年建成|塔板结合|2.7元/平米/月|北京强佑物业管理有限公司|北京强佑房地产开发有限公司|4栋|818户|97740|2018-11-03 15:33:24.481529
1111027375203|和平里七区|https://bj.lianjia.com/xiaoqu/1111027375203/|东城|和平里|近地铁5号线和平里北街站|16|4|1958年建成|板楼/塔板结合|暂无信息|北京首华物业管理有限公司|无开发商|39栋|2618户|100558|2018-11-03 15:33:24.481721
1111027374239|法华南里|https://bj.lianjia.com/xiaoqu/1111027374239/|东城|崇文门|近地铁5号线天坛东门站|19|5|1990年建成|板楼|1元/平米/月|北京住总北宇物业管理有限责任公司|北京住总鸿运房地产开发有限公司|28栋|1940户|88701|2018-11-03 15:33:24.481908
1111027381347|西营房|https://bj.lianjia.com/xiaoqu/1111027381347/|东城|安定门|近地铁5号线和平里北街站|9|1|2003年建成|塔楼|暂无信息|街道办事处（委员会）代管物业|北京腾利达房地产开发经营公司|6栋|930户|89922|2018-11-03 15:33:24.482082
1111027374993|华冠丽景|https://bj.lianjia.com/xiaoqu/1111027374993/|东城|东直门|近地铁5号线和平里北街站|4|3|2003年建成|板楼|2.98元/平米/月|北京市东旭佳业物业管理有限责任公司|北京市泰安房地产开发有限公司|4栋|323户|118633|2018-11-03 15:33:24.482252
1111027376551|城市亮点|https://bj.lianjia.com/xiaoqu/1111027376551/|东城|永定门|近地铁14号线(东段)永定门外站|4|2|2002年建成|塔板结合|1.65元/平米/月|北京鹏昊物业管理有限公司|北京荣达伟业房地产开发有限公司|3栋|554户|73314|2018-11-03 15:33:24.482419
1111027377548|建予园|https://bj.lianjia.com/xiaoqu/1111027377548/|东城|永定门|近地铁14号线(东段)永定门外站|9|2|1999年建成|塔楼/板楼/塔板结合|1.2元/平米/月|北京鹏昊物业管理有限公司|北京建予房地产开发有限公司|6栋|825户|62376|2018-11-03 15:33:24.482589
1111027380911|小黄庄一区|https://bj.lianjia.com/xiaoqu/1111027380911/|东城|安贞|近地铁5号线和平里北街站|14|2|1990年建成|板楼/塔板结合|1至3.6元/平米/月|北京市燕厦物业管理服务中心|无开发公司|10栋|1857户|88411|2018-11-03 15:33:24.482756
1111027375202|和平里六区|https://bj.lianjia.com/xiaoqu/1111027375202/|东城|和平里|近地铁5号线和平里北街站|6|5|1993年建成|塔楼/塔板结合|1.95至2.2元/平米/月|北京首佳物业管理有限公司|无开发商|9栋|1172户|97647|2018-11-03 15:33:24.482936
1111027375199|和平里二区|https://bj.lianjia.com/xiaoqu/1111027375199/|东城|和平里|近地铁5号线和平里北街站|5|1|1955年建成|塔楼/板楼|1.08至1.21元/平米/月|北京国天物业管理发展有限公司|北京首华建设经营有限公司|10栋|1561户|98958|2018-11-03 15:33:24.483109
1111027377077|交道口东大街|https://bj.lianjia.com/xiaoqu/1111027377077/|东城|交道口|近地铁5号线和平里北街站|20|1|2002年建成|塔板结合/平房|0.5元/平米/月|北京东方容和物业管理有限责任公司交东分部|北京东方康泰房地产开发经营有限责任公司|7栋|1530户|119415|2018-11-03 15:33:24.483427
1111043314469|幸福家园三期|https://bj.lianjia.com/xiaoqu/1111043314469/|东城|广渠门|近地铁7号线广渠门内站|11|1|2005年建成|塔楼/塔板结合|2.17至2.64元/平米/月|北京金宇宏物业管理有限责任公司|北京金第房地产开发有限责任公司|10栋|952户|102371|2018-11-03 15:33:24.483600
1111027375572|安德路47号院|https://bj.lianjia.com/xiaoqu/1111027375572/|东城|安定门|近地铁2号线安定门站|9|1|1979年建成|板楼/平房|0.5至1元/平米/月|北京安德苑物业管理有限公司|无开发商|18栋|1195户|93854|2018-11-03 15:33:24.483777
1111027375114|胡家园小区|https://bj.lianjia.com/xiaoqu/1111027375114/|东城|东直门|近地铁5号线和平里北街站|5|3|1985年建成|塔楼/板楼/塔板结合|1.3元/平米/月|北京中电物业管理有限公司|北京中免房地产开发有限责任公司|19栋|1596户|90069|2018-11-03 15:33:24.483950
1111027381164|巷上嘉园|https://bj.lianjia.com/xiaoqu/1111027381164/|东城|安定门|近地铁5号线和平里北街站|3|0|2005年建成|塔楼/塔板结合|2.8元/平米/月|北京祥洪永佳物业管理有限公司|北京中房万丰房地产开发有限公司|3栋|456户|104915|2018-11-03 15:33:24.484121
1111027378417|民旺园|https://bj.lianjia.com/xiaoqu/1111027378417/|东城|和平里|近地铁13号线柳芳站|21|2|1960年建成|塔楼/板楼/塔板结合|0.95至2元/平米/月|单位自管物业|北京航天建筑工程公司|26栋|1741户|97799|2018-11-03 15:33:24.484290
1111027373685|东花市北里中区|https://bj.lianjia.com/xiaoqu/1111027373685/|东城|东花市|近地铁7号线广渠门内站|23|4|1990年建成|塔楼/板楼|1.89至5元/平米/月|北京天鸿宝地物业管理经营有限公司|北京首开天鸿集团有限公司|26栋|1658户|90307|2018-11-03 15:33:24.484459
1111027376670|朝阳门南小街|https://bj.lianjia.com/xiaoqu/1111027376670/|东城|朝阳门内|近地铁2号线北京站站|44|5|1970年建成|塔楼/板楼/塔板结合/平房|0.98至1.5元/平米/月|北京亿方物业管理有限责任公司|北京城市开发集团有限责任公司|22栋|2655户|105734|2018-11-03 15:33:24.484626
1111027375204|和平里三区|https://bj.lianjia.com/xiaoqu/1111027375204/|东城|和平里|近地铁2号线鼓楼大街站|9|6|1996年建成|板楼|1.2元/平米/月|北京国天物业管理发展有限公司|无开发商|6栋|946户|112500|2018-11-03 15:33:24.484798
1111027374220|富贵园三区|https://bj.lianjia.com/xiaoqu/1111027374220/|东城|东花市|近地铁7号线广渠门内站|5|3|2002年建成|塔楼|1.1元/平米/月|北京国瑞物业管理有限公司|北京京都房地产开发有限公司|7栋|1266户|85637|2018-11-03 15:33:24.484971
1111027377501|金鱼池西区|https://bj.lianjia.com/xiaoqu/1111027377501/|东城|天坛|近地铁7号线桥湾站|12|4|2000年建成|塔板结合|0.5至0.56元/平米/月|北京世纪金龙物业管理有限责任公司|北京住总鸿运房地产开发有限公司|18栋|1206户|75265|2018-11-03 15:33:24.485140
1111043314949|本家润园一期|https://bj.lianjia.com/xiaoqu/1111043314949/|东城|东花市|近地铁7号线广渠门内站|9|0|2003年建成|板楼|2.96元/平米/月|北京长城物业管理有限公司|北京九鼎房地产开发有限责任公司|8栋|823户|112361|2018-11-03 15:33:24.485308
1111027375265|海晟名苑北区|https://bj.lianjia.com/xiaoqu/1111027375265/|东城|工体|近地铁2号线东直门站|25|4|2007年建成|塔板结合|7元/平米/月|北京仲量联行物业管理服务有限公司|北京海晟房地产开发有限公司|3栋|844户|99493|2018-11-03 15:33:24.485475
1111027376918|东环居苑|https://bj.lianjia.com/xiaoqu/1111027376918/|东城|广渠门|近地铁7号线广渠门外站|7|8|2004年建成|塔楼|0.5至1.45元/平米/月|北京市开兴辰物业管理有限责任公司|北京市崇文区城市建设开发公司|5栋|1108户|85156|2018-11-03 15:33:24.485809
1111027379462|上龙西里|https://bj.lianjia.com/xiaoqu/1111027379462/|东城|安定门|近地铁5号线和平里北街站|5|1|1988年建成|塔楼/板楼/塔板结合|0.5至2.21元/平米/月|中化国际物业酒店管理有限公司|北京市东城区住宅建设开发公司|13栋|1180户|95664|2018-11-03 15:33:24.486040
1111027376676|朝阳首府|https://bj.lianjia.com/xiaoqu/1111027376676/|东城|朝阳门内|近地铁2号线朝阳门站|9|5|2009年建成|塔楼/板楼|6.5元/平米/月|北京假日阳光物业管理有限公司|北京龙洋房地产开发有限责任公司|4栋|327户|98409|2018-11-03 15:33:24.486203
1111027381367|新裕家园|https://bj.lianjia.com/xiaoqu/1111027381367/|东城|崇文门|近地铁5号线磁器口站|4|4|2004年建成|塔板结合|2.8元/平米/月|北京新世界物业管理有限公司|北京崇文新世界房地产发展有限公司|3栋|973户|106140|2018-11-03 15:33:24.486372
1111027374075|民安小区东直门内北小街|https://bj.lianjia.com/xiaoqu/1111027374075/|东城|东直门|近地铁2号线东直门站|23|1|1931年建成|板楼/平房|1.05至1.15元/平米/月|北京市燕厦物业管理服务中心|北京东方置地房地产开发有限公司|19栋|1263户|99395|2018-11-03 15:33:54.219685
1111027374953|华府景园|https://bj.lianjia.com/xiaoqu/1111027374953/|东城|安定门||4|1|2001年建成|塔楼/塔板结合|2.4元/平米/月|北京天鸿宝地物业管理经营有限公司|北京强佑房地产开发有限公司|5栋|314户|98514|2018-11-03 15:33:54.219873
1111027375933|北京上舍|https://bj.lianjia.com/xiaoqu/1111027375933/|东城|广渠门|近地铁10号线劲松站|4|4|2008年建成|塔楼/板楼|2.6元/平米/月|北京金开泰物业管理有限公司|北京联立房地产开发有限责任公司|5栋|519户|91008|2018-11-03 15:33:54.219977
1111043313755|幸福家园二期|https://bj.lianjia.com/xiaoqu/1111043313755/|东城|广渠门|近地铁7号线广渠门内站|6|3|2003年建成|板楼/塔板结合|2.17至2.64元/平米/月|北京金宇宏物业管理有限责任公司|北京金第房地产开发有限责任公司|3栋|570户|103409|2018-11-03 15:33:54.220075
1111027376735|定安里|https://bj.lianjia.com/xiaoqu/1111027376735/|东城|永定门|近地铁14号线(东段)景泰站|7|3|1963年建成|板楼/平房|暂无信息|无物业管理服务|无开发商|28栋|1801户|65383|2018-11-03 15:33:54.220169
1111027375108|湖景苑|https://bj.lianjia.com/xiaoqu/1111027375108/|东城|安定门|近地铁5号线和平里北街站|6|0|1999年建成|塔板结合|2.17元/平米/月|北京维佳物业管理有限责任公司|北京城乡建设集团有限责任公司|5栋|418户|100021|2018-11-03 15:33:54.220265
1111027374216|富贵园二区|https://bj.lianjia.com/xiaoqu/1111027374216/|东城|东花市|近地铁7号线广渠门内站|1|1|2003年建成|塔楼/塔板结合|1元/平米/月|北京国瑞物业管理有限公司|北京京都房地产开发有限公司|3栋|816户|78293|2018-11-03 15:33:54.220361
1111027377234|聚龙花园|https://bj.lianjia.com/xiaoqu/1111027377234/|东城|工体|近地铁2号线东四十条站|14|4|1993年建成|板楼/塔板结合|3至3.5元/平米/月|北京中天楼宇综合管理有限公司|北京诚信兴业房地产有限公司|9栋|563户|66830|2018-11-03 15:33:54.220588
1111027373924|地坛北里|https://bj.lianjia.com/xiaoqu/1111027373924/|东城|和平里|近地铁5号线和平里北街站|5|2|1980年建成|板楼/塔板结合|0.5元/平米/月|北京首华物业管理公司|无开发公司|12栋|1017户|100022|2018-11-03 15:33:54.220688
1111027374689|国瑞城东区|https://bj.lianjia.com/xiaoqu/1111027374689/|东城|崇文门|近地铁5号线崇文门站|4|2|2005年建成|塔板结合|1.1元/平米/月|北京国瑞物业管理有限公司|北京国瑞兴业地产有限公司|3栋|1233户|95132|2018-11-03 15:33:54.220795
1111043316306|花市枣苑一期|https://bj.lianjia.com/xiaoqu/1111043316306/|东城|东花市|近地铁7号线广渠门内站|7|1|2001年建成|塔楼/塔板结合|2.48元/平米/月|北京花市枣苑物业管理有限责任公司|北京城和房地产开发有限责任公司|4栋|656户|101847|2018-11-03 15:33:54.220894
1111027375656|安外东河沿|https://bj.lianjia.com/xiaoqu/1111027375656/|东城|安定门|近地铁2号线安定门站|2|2|1981年建成|塔楼/板楼/塔板结合|0.8至2.47元/平米/月|北京启方物业管理有限责任公司|无开发公司|16栋|1742户|106945|2018-11-03 15:33:54.220990
1111027374965|禾风相府|https://bj.lianjia.com/xiaoqu/1111027374965/|东城|金宝街|近地铁5号线东四站|8|3|2004年建成|板楼/塔板结合|3.78元/平米/月|北京冠豪东旭物业管理有限公司|北京亿洋星城房地产开发有限公司|2栋|363户|120589|2018-11-03 15:33:54.221086
1111027374219|富贵园四区|https://bj.lianjia.com/xiaoqu/1111027374219/|东城|东花市|近地铁7号线广渠门内站|1|2|2006年建成|板楼/塔板结合|2.9元/平米/月|北京国瑞物业管理有限公司|北京京都房地产开发有限公司|3栋|458户|106155|2018-11-03 15:33:54.221185
1111027375208|和平里一区|https://bj.lianjia.com/xiaoqu/1111027375208/|东城|和平里|近地铁5号线和平里北街站|6|1|1983年建成|板楼/塔板结合|0.6至1.9元/平米/月|北京首华物业管理有限公司|无开发商|4栋|670户|96706|2018-11-03 15:33:54.221280
1111027378887|青年湖北里|https://bj.lianjia.com/xiaoqu/1111027378887/|东城|安定门|近地铁8号线安德里北街站|9|2|1987年建成|塔楼/板楼/塔板结合|0.5至1.8元/平米/月|单位自管物业|北京市东城区住宅建设开发公司|9栋|946户|93491|2018-11-03 15:33:54.221378
1111027381655|阳光都市|https://bj.lianjia.com/xiaoqu/1111027381655/|东城|工体|近地铁2号线东四十条站|8|2|2000年建成|塔楼|2.86元/平米/月|北京德佳物业管理有限公司|北京华居工体北房地产开发有限公司|4栋|895户|95645|2018-11-03 15:33:54.221476
1111027380239|当代MOMA|https://bj.lianjia.com/xiaoqu/1111027380239/|东城|东直门|近地铁5号线和平里北街站|10|5|2006年建成|塔楼/板楼|7元/平米/月|第一物业服务（北京）有限公司|当代节能置业股份有限公司|12栋|633户|107127|2018-11-03 15:33:54.221587
1111027376862|东方银座|https://bj.lianjia.com/xiaoqu/1111027376862/|东城|东直门|近地铁5号线和平里北街站|16|6|2003年建成|塔楼|8元/平米/月|北京鼎铭物业管理有限公司|北京东黎广场有限公司|5栋|1094户|76193|2018-11-03 15:33:54.221688
1111027377932|绿景馨园|https://bj.lianjia.com/xiaoqu/1111027377932/|东城|广渠门|近地铁7号线广渠门内站|2|2|2003年建成|板楼|0.5元/平米/月|北京瑞来物业管理有限公司|北京市兴隆房地产开发公司|6栋|853户|91244|2018-11-03 15:33:54.221791
1111027374690|国瑞城西区|https://bj.lianjia.com/xiaoqu/1111027374690/|东城|崇文门|近地铁5号线崇文门站|12|11|2006年建成|塔楼|5.5元/平米/月|北京国瑞物业管理有限公司|北京国瑞兴业地产有限公司|4栋|782户|77225|2018-11-03 15:33:54.221995
1111027373684|东花市北里西区|https://bj.lianjia.com/xiaoqu/1111027373684/|东城|东花市|近地铁7号线广渠门内站|11|1|1990年建成|塔楼/板楼|1.89至2.89元/平米/月|北京天鸿宝地物业管理经营有限公司|北京首开天鸿集团有限公司|13栋|828户|88484|2018-11-03 15:33:54.222096
1111027378129|领行国际|https://bj.lianjia.com/xiaoqu/1111027378129/|东城|广渠门|近地铁7号线广渠门外站|20|4|2005年建成|塔板结合|2.95元/平米/月|北京北方丹龙物业管理有限公司|北京信茂房地产开发有限公司|3栋|613户|70204|2018-11-03 15:33:54.222194
1111027377023|京城仁合|https://bj.lianjia.com/xiaoqu/1111027377023/|东城|广渠门|近地铁7号线广渠门外站|5|1|2002年建成|塔板结合|1.8元/平米/月|北京首佳物业管理有限公司|北京市房地产综合开发经营公司|3栋|963户|77253|2018-11-03 15:33:54.222290
1111027377502|金鱼池中区|https://bj.lianjia.com/xiaoqu/1111027377502/|东城|天坛|近地铁7号线桥湾站|8|0|1978年建成|板楼/塔板结合|0.5元/平米/月|北京世纪金龙物业管理有限责任公司|北京住总鸿运房地产开发有限公司|19栋|1127户|73663|2018-11-03 15:33:54.222386
1111027374074|民安小区东直门北中街|https://bj.lianjia.com/xiaoqu/1111027374074/|东城|东直门|近地铁5号线和平里北街站|13|2|1985年建成|板楼/塔板结合|0.5至1.05元/平米/月|北京市燕厦物业管理服务中心|北京市东方置地投资发展有限公司|4栋|818户|99725|2018-11-03 15:33:54.222483
1111027374072|东直门北大街|https://bj.lianjia.com/xiaoqu/1111027374072/|东城|东直门|近地铁5号线和平里北街站|2|0|1987年建成|塔楼/塔板结合|1.6至1.91元/平米/月|北京喜莱达物业管理有限公司|无开发商|6栋|1418户|91591|2018-11-03 15:33:54.222578
1111027375691|安贞苑50号院|https://bj.lianjia.com/xiaoqu/1111027375691/|东城|安贞|近地铁5号线和平里北街站|4|0|1996年建成|板楼|暂无信息|北京网信物业管理有限公司|无开发商|4栋|498户|86064|2018-11-03 15:33:54.222762
1111027381477|新中西街|https://bj.lianjia.com/xiaoqu/1111027381477/|东城|朝阳门外|近地铁2号线东四十条站|12|2|1990年建成|板楼|暂无信息|街道办事处（委员会）代管物业|无开发商|10栋|905户|85157|2018-11-03 15:33:54.222874
1111027380769|西革新里110号院|https://bj.lianjia.com/xiaoqu/1111027380769/|东城|永定门|近地铁14号线(东段)永定门外站|2|2|1990年建成|板楼|暂无信息|房管所代管物业|北京城市开发股份有限公司|5栋|712户|66986|2018-11-03 15:33:54.223007
1111027381407|新永外文化用品商城|https://bj.lianjia.com/xiaoqu/1111027381407/|东城|永定门|近地铁14号线(东段)永定门外站|1|0|2005年建成|板楼/塔板结合|2.3至3.8元/平米/月|房管所代管物业|北京城建集团|2栋|443户|75404|2018-11-03 15:34:22.965377
1111027382512|中景濠庭|https://bj.lianjia.com/xiaoqu/1111027382512/|东城|安定门|近地铁2号线鼓楼大街站|1|3|2001年建成|塔楼/塔板结合|3.5元/平米/月|北京中景濠庭物业管理有限责任公司|北京千禧福临房地产开发有限公司|3栋|264户|87060|2018-11-03 15:34:22.965685
1111027374080|东直门内大街|https://bj.lianjia.com/xiaoqu/1111027374080/|东城|东直门|近地铁2号线东直门站|11|0|1940年建成|塔楼/板楼/平房|1.05元/平米/月|北京市燕厦物业管理服务中心|北京市东城区住宅建设开发公司|37栋|1258户|99532|2018-11-03 15:34:22.965797
1111027381160|西水井胡同|https://bj.lianjia.com/xiaoqu/1111027381160/|东城|朝阳门内|近地铁2号线朝阳门站|13|3|1960年建成|板楼/塔板结合/平房|0.5至1元/平米/月|北京天诺物业管理有限责任公司|北京住总房地产开发有限责任公司|6栋|871户|91158|2018-11-03 15:34:22.965896
1111027379888|天娇园|https://bj.lianjia.com/xiaoqu/1111027379888/|东城|东花市|近地铁7号线广渠门内站|2|4|2007年建成|板楼/塔板结合|1至2.8元/平米/月|北京浩之天物业管理有限公司|北京天华津政房地产开发有限公司|3栋|528户|92344|2018-11-03 15:34:22.965990
1111043313490|幸福家园一期|https://bj.lianjia.com/xiaoqu/1111043313490/|东城|广渠门|近地铁7号线广渠门内站|1|1|2002年建成|塔楼/塔板结合|2.46至2.64元/平米/月|北京金宇宏物业管理有限责任公司|北京金第房地产开发有限责任公司|3栋|370户|93367|2018-11-03 15:34:22.966083
1111027382420|竹杆胡同|https://bj.lianjia.com/xiaoqu/1111027382420/|东城|朝阳门内|近地铁2号线朝阳门站|11|0|2003年建成|板楼/塔板结合|0.5元/平米/月|北京天诺物业管理有限责任公司|北京京西新远房地产经营开发公司|8栋|1056户|101250|2018-11-03 15:34:22.966174
1111027376532|长青园|https://bj.lianjia.com/xiaoqu/1111027376532/|东城|左安门|近地铁5号线天坛东门站|18|2|1988年建成|板楼|暂无信息|无物业管理服务|北京城市建设工程开发有限公司|15栋|983户|78310|2018-11-03 15:34:22.966269
1111027380693|香饵胡同|https://bj.lianjia.com/xiaoqu/1111027380693/|东城|交道口|近地铁5号线和平里北街站|6|1|1999年建成|板楼/平房|0.5元/平米/月|北京东方容和物业管理有限责任公司交东分部|北京东方康泰房地产开发经营有限责任公司|37栋|635户|116860|2018-11-03 15:34:22.966359
1111027377390|景泰东里|https://bj.lianjia.com/xiaoqu/1111027377390/|东城|蒲黄榆|近地铁14号线(东段)景泰站|2|3|1994年建成|板楼/塔板结合|0.6至1.93元/平米/月|北京房修一物业管理有限公司|北京嘉业住房股份有限公司|5栋|966户|66380|2018-11-03 15:34:22.966449
1111027381162|新世界家园|https://bj.lianjia.com/xiaoqu/1111027381162/|东城|崇文门|近地铁5号线磁器口站|14|4|2000年建成|板楼|2.98元/平米/月|北京新世界物业管理有限公司|北京崇文新世界房地产发展有限公司|6栋|616户|113633|2018-11-03 15:34:22.966540
1111027378078|丽水湾畔家园|https://bj.lianjia.com/xiaoqu/1111027378078/|东城|广渠门|近地铁7号线广渠门外站|2|0|2002年建成|塔楼/塔板结合|2元/平米/月|北京鑫亚东方物业管理有限公司|北京永利信丰房地产开发有限公司|3栋|432户|75505|2018-11-03 15:34:22.966632
1111027375670|安馨园|https://bj.lianjia.com/xiaoqu/1111027375670/|东城|安定门|近地铁5号线和平里北街站|1|1|2003年建成|板楼|2.7元/平米/月|北京金银建物业有限公司|北京公交房地产开发有限公司|3栋|126户|113750|2018-11-03 15:34:22.966726
1111027380887|安外西河沿|https://bj.lianjia.com/xiaoqu/1111027380887/|东城|安定门|近地铁5号线和平里北街站|3|3|1983年建成|板楼|0.5至1.46元/平米/月|单位自管物业|无开发商|9栋|797户|91397|2018-11-03 15:34:22.966826
1111027375663|安外花园|https://bj.lianjia.com/xiaoqu/1111027375663/|东城|和平里|近地铁5号线和平里北街站|5|0|1979年建成|板楼|0.89元/平米/月|北京建成物业管理有限责任公司|无开发公司|10栋|821户|91535|2018-11-03 15:34:22.967007
1111043316752|花市枣苑三期|https://bj.lianjia.com/xiaoqu/1111043316752/|东城|东花市|近地铁7号线广渠门内站|4|3|2004年建成|塔楼|2.48元/平米/月|北京花市枣苑物业管理有限责任公司|北京城和房地产开发有限责任公司|3栋|582户|106064|2018-11-03 15:34:22.967104
1111027382285|左安溪园|https://bj.lianjia.com/xiaoqu/1111027382285/|东城|左安门||3|1|2004年建成|塔板结合|2.5元/平米/月|北京崇开嘉信物业管理有限公司|北京崇开嘉信房地产开发有限公司|1栋|438户|86835|2018-11-03 15:34:22.967193
1111027380878|兴化西里|https://bj.lianjia.com/xiaoqu/1111027380878/|东城|和平里|近地铁5号线和平里北街站|7|1|1976年建成|板楼|暂无信息|无物业管理服务|无开发商|17栋|907户|88571|2018-11-03 15:34:22.967286
1111027379801|土儿胡同|https://bj.lianjia.com/xiaoqu/1111027379801/|东城|交道口|近地铁5号线和平里北街站|10|0|1990年建成|板楼/平房|0.5元/平米/月|北京东方容和物业管理有限责任公司交东分部|北京东方康泰房地产开发经营有限责任公司|7栋|629户|117864|2018-11-03 15:34:22.967376
1111027378766|培新街乙5号院|https://bj.lianjia.com/xiaoqu/1111027378766/|东城|广渠门|近地铁7号线广渠门内站|4|0|1999年建成|塔楼/塔板结合|2.05元/平米/月|北京盛世物业管理有限公司|无开发商|4栋|914户|96912|2018-11-03 15:34:22.967469
1111027374962|禾风仕家|https://bj.lianjia.com/xiaoqu/1111027374962/|东城|金宝街|近地铁5号线东四站|3|1|2000年建成|塔板结合|3.78元/平米/月|北京冠豪东旭物业管理有限公司|北京亿洋星城房地产开发有限公司|1栋|669户|134192|2018-11-03 15:34:22.967561
1111027374065|东中街|https://bj.lianjia.com/xiaoqu/1111027374065/|东城|东直门|近地铁2号线东四十条站|11|1|1982年建成|板楼/塔板结合|1.1至2.64元/平米/月|北京银达物业管理有限责任公司|无开发商|10栋|871户|100792|2018-11-03 15:34:22.967650
1111027380770|西革新里112号院|https://bj.lianjia.com/xiaoqu/1111027380770/|东城|永定门|近地铁4号线北京南站站|1|1|2001年建成|塔楼|1.24元/平米/月|北京世纪金龙物业管理有限责任公司|北京城市开发股份有限公司|3栋|532户|61591|2018-11-03 15:34:22.967740
1111027374981|化工大院|https://bj.lianjia.com/xiaoqu/1111027374981/|东城|和平里|近地铁5号线和平里北街站|5|0|1988年建成|板楼/平房|1至1.5元/平米/月|北京中亚远恒物业管理有限公司|无开发商|19栋|865户|104081|2018-11-03 15:34:22.967840
1111043316665|花市枣苑二期|https://bj.lianjia.com/xiaoqu/1111043316665/|东城|东花市|近地铁7号线广渠门内站|5|2|2003年建成|塔楼|2.48元/平米/月|北京花市枣苑物业管理有限责任公司|北京城和房地产开发有限责任公司|2栋|400户|99956|2018-11-03 15:34:22.967931
1111027375180|华普花园|https://bj.lianjia.com/xiaoqu/1111027375180/|东城|东直门|近地铁5号线和平里北街站|9|3|2001年建成|塔楼|5.5元/平米/月|北京中地物业管理有限公司|中地房地产开发有限公司|4栋|516户|62895|2018-11-03 15:34:22.968020
1111027378891|青年湖南街|https://bj.lianjia.com/xiaoqu/1111027378891/|东城|安定门|近地铁5号线和平里北街站|3|1|1992年建成|板楼/塔板结合|1至2.17元/平米/月|单位自管物业|无开发商|3栋|380户|116428|2018-11-03 15:34:22.968114
1111027378894|青年湖西里|https://bj.lianjia.com/xiaoqu/1111027378894/|东城|安定门|近地铁5号线和平里北街站|1|0|1980年建成|板楼/平房|0.8元/平米/月|无物业管理服务|暂无信息|8栋|302户|114216|2018-11-03 15:34:22.968291
1111027374081|东直门南大街|https://bj.lianjia.com/xiaoqu/1111027374081/|东城|东直门|近地铁5号线和平里北街站|12|4|1990年建成|塔板结合|1.2元/平米/月|房管所代管物业|北京市东城区住宅建设开发公司|4栋|1152户|87494|2018-11-03 15:34:22.968383
1111027382107|永铁苑|https://bj.lianjia.com/xiaoqu/1111027382107/|东城|陶然亭|近地铁14号线(东段)永定门外站|7|2|1999年建成|塔楼|暂无信息|北京海开·倚源物业管理有限公司|北京中铁东兴房地产开发有限公司|5栋|1276户|68229|2018-11-03 15:34:22.968473
1111027378998|荣丰2008|https://bj.lianjia.com/xiaoqu/1111027378998/|西城|广安门|近地铁1号线军事博物馆站|131|23|2000年建成|塔楼|2.5至3.3元/平米/月|北京长城物业管理有限公司|北京荣丰房地产开发有限公司|17栋|5875户|108717|2018-11-03 15:35:45.439942
1111027381801|远见名苑|https://bj.lianjia.com/xiaoqu/1111027381801/|西城|广安门|近地铁7号线达官营站|62|12|2004年建成|塔楼/板楼/塔板结合/平房|1至3元/平米/月|北京明华嘉业物业管理有限责任公司|北京裕泰达房地产开发有限公司|14栋|4245户|93094|2018-11-03 15:35:45.440116
1111027378040|朗琴园|https://bj.lianjia.com/xiaoqu/1111027378040/|西城|广安门|近地铁7号线达官营站|38|7|2002年建成|塔楼/板楼/塔板结合|2.2元/平米/月|北京嘉浩物业管理有限公司|北京润博房地产开发有限公司|12栋|2457户|105334|2018-11-03 15:35:45.440217
1111027381668|阳光丽景|https://bj.lianjia.com/xiaoqu/1111027381668/|西城|马甸|近地铁5号线和平里北街站|10|1|2002年建成|塔楼/板楼/塔板结合|2.55至3元/平米/月|北京盛世物业管理有限公司|北京首创风度房地产开发有限责任公司|7栋|1753户|146691|2018-11-03 15:35:45.440317
1111027382272|裕中西里|https://bj.lianjia.com/xiaoqu/1111027382272/|西城|马甸|近地铁5号线和平里北街站|38|13|1979年建成|塔楼/板楼/塔板结合|1.2至1.6元/平米/月|北京市西开华辰物业管理中心|北京市西城区城市建设开发公司|34栋|3412户|126685|2018-11-03 15:35:45.440415
1111027380656|红山世家|https://bj.lianjia.com/xiaoqu/1111027380656/|西城|广安门|近地铁7号线达官营站|17|5|2010年建成|塔楼/塔板结合|3.5至6.5元/平米/月|北京华润置地物业管理有限公司|华润置地(北京)股份有限公司|7栋|2238户|109151|2018-11-03 15:35:45.443534
1111027382251|裕中东里|https://bj.lianjia.com/xiaoqu/1111027382251/|西城|马甸|近地铁2号线积水潭站|11|15|1980年建成|塔楼/板楼/塔板结合/平房|0.5元/平米/月|无物业管理服务|北京住总房地产开发有限责任公司|30栋|2436户|132280|2018-11-03 15:35:45.443632
1111027380894|西豪逸景|https://bj.lianjia.com/xiaoqu/1111027380894/|西城|广安门|近地铁7号线达官营站|20|3|2001年建成|塔楼/板楼|1.65至5元/平米/月|北京久居无限物业管理有限公司|北京宣福房地产开发有限责任公司|10栋|2516户|83920|2018-11-03 15:35:45.443719
1111027378981|清芷园|https://bj.lianjia.com/xiaoqu/1111027378981/|西城|右安门内|近地铁4号线陶然亭站|27|7|2000年建成|塔楼/板楼/塔板结合|2.68至3.11元/平米/月|广州市三原物业管理有限公司北京第一分公司|北京金马四方房地产开发有限公司|13栋|2120户|104043|2018-11-03 15:35:45.443818
1111027378073|丽水莲花|https://bj.lianjia.com/xiaoqu/1111027378073/|西城|广安门|近地铁7号线湾子站|17|5|2006年建成|塔楼/板楼/塔板结合|2.28至2.3元/平米/月|北京天宝伟业物业管理有限责任公司|北京市天叶房地产开发有限公司|7栋|1935户|93876|2018-11-03 15:35:45.443948
1111027377722|乐城|https://bj.lianjia.com/xiaoqu/1111027377722/|西城|菜户营||12|4|2004年建成|塔楼/板楼/塔板结合|1.02元/平米/月|中发伟业物业管理有限公司|北京中房长远房地产开发有限责任公司|8栋|2418户|82791|2018-11-03 15:35:45.444038
1111027376524|常青藤嘉园|https://bj.lianjia.com/xiaoqu/1111027376524/|西城|马连道|近地铁7号线达官营站|5|7|2004年建成|塔楼/板楼/塔板结合|1.2至1.86元/平米/月|北京市阳光泰和物业管理有限公司|北京常青藤房地产集团有限公司|13栋|1188户|87893|2018-11-03 15:35:45.444124
1111027376034|北欧印象|https://bj.lianjia.com/xiaoqu/1111027376034/|西城|马连道||12|2|2002年建成|塔楼|2.7元/平米/月|北京新起点物业管理有限公司|北京嘉里锦华房地产开发有限公司|4栋|1380户|85307|2018-11-03 15:35:45.444217
1111027374529|格调|https://bj.lianjia.com/xiaoqu/1111027374529/|西城|马连道|近地铁7号线湾子站|15|2|2004年建成|塔楼/塔板结合|2.2元/平米/月|深圳市莲花物业管理有限公司北京分公司|北京依莲轩房地产开发有限责任公司|5栋|1636户|92345|2018-11-03 15:35:45.444305
1111027376481|畅柳园|https://bj.lianjia.com/xiaoqu/1111027376481/|西城|陶然亭|近地铁7号线虎坊桥站|17|4|2002年建成|塔楼/板楼/塔板结合|1元/平米/月|北京鲁能物业管理有限责任公司|北京鲁能陶然房地产开发有限公司|9栋|2699户|100372|2018-11-03 15:35:45.444392
1111027374250|丰汇园小区|https://bj.lianjia.com/xiaoqu/1111027374250/|西城|金融街|近地铁1号线木樨地站|0|16|1993年建成|塔楼/板楼/塔板结合|1.57至4.9元/平米/月|北京丰汇物业管理有限责任公司|北京兆泰置地（集团）股份有限公司|15栋|1991户|195040|2018-11-03 15:35:45.444478
1111027374768|官苑8号|https://bj.lianjia.com/xiaoqu/1111027374768/|西城|官园|近地铁2号线车公庄站|0|5|2006年建成|塔楼/塔板结合|3.85元/平米/月|北京长城物业管理有限公司|北京六合新世纪房地产开发有限公司|7栋|1025户|155005|2018-11-03 15:35:45.444565
1111027382705|中信锦园|https://bj.lianjia.com/xiaoqu/1111027382705/|西城|陶然亭|近地铁4号线菜市口站|11|3|2009年建成|板楼/塔板结合/平房|2.5至5元/平米/月|中信物业服务有限公司北京分公司|北京中信房地产有限公司|9栋|1655户|141714|2018-11-03 15:35:45.444653
1111027374840|冠英园小区|https://bj.lianjia.com/xiaoqu/1111027374840/|西城|官园|近地铁4号线平安里站|6|3|1997年建成|塔楼/板楼/塔板结合|1.54至2.2元/平米/月|新中物业管理（中国）有限公司|华润置地(北京)股份有限公司|22栋|1773户|113226|2018-11-03 15:35:45.444740
1111027382612|朱雀门|https://bj.lianjia.com/xiaoqu/1111027382612/|西城|陶然亭||8|0|2004年建成|塔楼/板楼|3.38至6元/平米/月|北京中商和旭物业管理有限公司|北京中集宏达房地产开发有限公司|31栋|873户|139895|2018-11-03 15:35:45.444837
1111027380621|西城晶华|https://bj.lianjia.com/xiaoqu/1111027380621/|西城|金融街|近地铁4号线西四站|8|9|2008年建成|板楼/塔板结合|5.3至6.6元/平米/月|北京戴德梁行物业管理有限公司|国浩房地产中国有限公司|11栋|848户|145442|2018-11-03 15:35:45.445053
1111027376564|椿树园|https://bj.lianjia.com/xiaoqu/1111027376564/|西城|宣武门|近地铁2号线宣武门站|14|12|1998年建成|塔楼/板楼/塔板结合|1.08至3.1元/平米/月|北京新惠物业管理中心|北京鲁能房地产开发经营有限责任公司|18栋|3093户|111252|2018-11-03 15:35:45.445143
1111027382714|中信沁园|https://bj.lianjia.com/xiaoqu/1111027382714/|西城|陶然亭|近地铁4号线菜市口站|9|4|2011年建成|板楼/塔板结合|3.6至5元/平米/月|北京中海物业管理有限公司|北京中信房地产有限公司|10栋|1440户|139143|2018-11-03 15:35:45.445229
1111027376404|车公庄北里|https://bj.lianjia.com/xiaoqu/1111027376404/|西城|车公庄|近地铁2号线车公庄站|9|2|1960年建成|塔楼/板楼|1至1.5元/平米/月|北京中实杰肯道夫物业管理有限公司|北京兴源房地产开发有限公司|23栋|2192户|101940|2018-11-03 15:35:45.445317
1111027382627|庄胜二期|https://bj.lianjia.com/xiaoqu/1111027382627/|西城|宣武门|近地铁1号线南礼士路站|17|2|2004年建成|塔板结合|2.8元/平米/月|北京庄胜物业管理有限公司|北京庄胜房地产开发有限公司|4栋|1502户|139880|2018-11-03 15:35:45.445403
1111027374838|国英园|https://bj.lianjia.com/xiaoqu/1111027374838/|西城|官园|近地铁2号线车公庄站|3|1|1994年建成|板楼|1.2至1.25元/平米/月|北京新惠物业管理中心|北京天恒房地产股份有限公司|10栋|833户|122902|2018-11-03 15:35:45.445493
1111027375583|安德馨居|https://bj.lianjia.com/xiaoqu/1111027375583/|西城|六铺炕|近地铁5号线和平里北街站|5|4|2002年建成|板楼|1.5元/平米/月|北京市德源物业管理中心|北京市兴地房地产经营开发公司|10栋|876户|126512|2018-11-03 15:35:45.445597
1111027375640|爱民里小区|https://bj.lianjia.com/xiaoqu/1111027375640/|西城|西四|近地铁2号线积水潭站|4|3|1988年建成|板楼|0.6元/平米/月|无物业管理服务|无开发商|15栋|1530户|129439|2018-11-03 15:35:45.445688
1111027378771|平原里小区|https://bj.lianjia.com/xiaoqu/1111027378771/|西城|牛街|近地铁4号线陶然亭站|20|5|1995年建成|板楼/塔板结合|0.5至0.88元/平米/月|北京佳诚物业管理有限公司|北京市宣武区房地产经营开发公司|19栋|3331户|99525|2018-11-03 15:35:45.445784
1111027377146|锦官苑|https://bj.lianjia.com/xiaoqu/1111027377146/|西城|车公庄|近地铁2号线车公庄站|2|2|2004年建成|塔板结合|3.2元/平米/月|中实杰肯道夫物业管理有限公司|北京中民信房地产开发有限公司|3栋|497户|133491|2018-11-03 15:35:45.445872
1111027380716|新风南里|https://bj.lianjia.com/xiaoqu/1111027380716/|西城|马甸||10|1|1977年建成|板楼|0.5至0.8元/平米/月|中直机关物业服务中心|北京市第五建筑工程公司|17栋|1838户|134979|2018-11-03 15:36:13.514474
1111046551537|玺源台|https://bj.lianjia.com/xiaoqu/1111046551537/|西城|广安门|近地铁7号线湾子站|14|1|2013年建成|塔楼/板楼|4.79元/平米/月|北京均豪物业管理股份有限公司|北京泰乐房地产开发有限公司|5栋|1162户|102563|2018-11-03 15:36:13.514664
1111027378248|马甸南村|https://bj.lianjia.com/xiaoqu/1111027378248/|西城|马甸|近地铁10号线健德门站|22|6|1985年建成|塔楼/板楼/塔板结合|0.5至2.19元/平米/月|北京双吉安物业管理中心|无开发商|16栋|2036户|136847|2018-11-03 15:36:13.514797
1111027380942|新街口西里三区|https://bj.lianjia.com/xiaoqu/1111027380942/|西城|新街口|近地铁4号线新街口站|11|8|2003年建成|板楼|0.62元/平米/月|北京天恒瑞海物业管理有限责任公司|北京西都地产发展有限公司|11栋|1904户|109213|2018-11-03 15:36:13.514911
1111027375257|黄寺大街24号院|https://bj.lianjia.com/xiaoqu/1111027375257/|西城|六铺炕|近地铁5号线和平里北街站|9|3|1981年建成|塔楼/板楼|0.5至1.8元/平米/月|单位自管物业|无开发商|22栋|1535户|133168|2018-11-03 15:36:13.515025
1111027382720|中信禧园|https://bj.lianjia.com/xiaoqu/1111027382720/|西城|陶然亭|近地铁4号线菜市口站|2|3|2013年建成|塔板结合|3.6元/平米/月|中信物业服务有限公司北京分公司|北京中信房地产有限公司|4栋|1152户|146621|2018-11-03 15:36:13.515127
1111027379983|陶然北岸|https://bj.lianjia.com/xiaoqu/1111027379983/|西城|陶然亭|近地铁7号线虎坊桥站|5|3|2004年建成|塔楼/板楼/塔板结合|2.36至2.38元/平米/月|河北恒辉物业服务集团有限公司北京分公司|北京鲁能陶然房地产开发有限公司|15栋|1644户|121611|2018-11-03 15:36:13.515226
1111027381931|一瓶|https://bj.lianjia.com/xiaoqu/1111027381931/|西城|陶然亭|近地铁4号线陶然亭站|9|6|2006年建成|板楼/塔板结合|4.95元/平米/月|北京戴德梁行物业管理有限公司|一瓶房地产开发（北京）有限公司|8栋|1618户|135620|2018-11-03 15:36:13.515337
1111027380725|熙府桃园|https://bj.lianjia.com/xiaoqu/1111027380725/|西城|西直门|近地铁4号线新街口站|1|2|2004年建成|板楼|2.2元/平米/月|业主自筹物业|北京首开天鸿集团有限公司|2栋|313户|124824|2018-11-03 15:36:13.515451
1111027379289|四合上院|https://bj.lianjia.com/xiaoqu/1111027379289/|西城|宣武门|近地铁4号线菜市口站|8|2|2010年建成|板楼/塔板结合|2.58元/平米/月|北京长城物业管理有限公司|北京能源房地产开发有限责任公司|5栋|1274户|140965|2018-11-03 15:36:13.515568
1111027377018|教场口9号院|https://bj.lianjia.com/xiaoqu/1111027377018/|西城|六铺炕|近地铁2号线积水潭站|20|2|2003年建成|塔楼|1.5元/平米/月|北京市德源物业管理中心|北京市兴地房地产经营开发公司|7栋|1684户|112023|2018-11-03 15:36:13.515685
1111027379430|三里河一区3号院|https://bj.lianjia.com/xiaoqu/1111027379430/|西城|月坛|近地铁1号线木樨地站|0|2|1999年建成|塔楼|2.48元/平米/月|北京安恒泰物业管理有限公司|北京市西城区城市建设开发公司|5栋|1008户|142823|2018-11-03 15:36:13.516025
1111027378335|马连道中里|https://bj.lianjia.com/xiaoqu/1111027378335/|西城|马连道|近地铁7号线达官营站|11|7|1990年建成|塔楼/板楼|0.5至1.3元/平米/月|北京市红义物业管理公司|中国城市建设开发有限公司|20栋|2727户|94454|2018-11-03 15:36:13.516131
1111027382473|中海凯旋|https://bj.lianjia.com/xiaoqu/1111027382473/|西城|金融街|近地铁4号线灵境胡同站|0|1|2003年建成|板楼|4.6元/平米/月|北京中海物业管理有限公司|北京中海豪庭房地产开发有限公司|5栋|407户|191867|2018-11-03 15:36:13.516238
1111027375999|北礼士路|https://bj.lianjia.com/xiaoqu/1111027375999/|西城|官园|近地铁2号线西直门站|8|3|1977年建成|塔楼/板楼/塔板结合/平房|0.55至2.05元/平米/月|北京康宏物业管理有限责任公司|北京市西城区城市建设开发公司|25栋|2695户|105418|2018-11-03 15:36:13.516334
1111027382586|展览路|https://bj.lianjia.com/xiaoqu/1111027382586/|西城|阜成门|近地铁1号线军事博物馆站|12|7|1950年建成|塔楼/板楼/塔板结合|0.5至1.5元/平米/月|单位自管物业|北京住公房地产开发有限公司|33栋|3102户|106516|2018-11-03 15:36:13.516433
1111027376012|北露园|https://bj.lianjia.com/xiaoqu/1111027376012/|西城|阜成门|近地铁6号线车公庄西站|2|8|1992年建成|板楼|1.02至2.34元/平米/月|北京新惠物业管理中心|北京市西城区城市建设开发公司|7栋|1314户|110255|2018-11-03 15:36:13.516552
1111027379516|四平园|https://bj.lianjia.com/xiaoqu/1111027379516/|西城|陶然亭|近地铁4号线陶然亭站|15|10|1990年建成|板楼/塔板结合|2元/平米/月|北京中水物业管理有限公司|无开发商|9栋|2463户|111928|2018-11-03 15:36:13.516664
1111027379803|铁二区|https://bj.lianjia.com/xiaoqu/1111027379803/|西城|月坛|近地铁1号线南礼士路站|4|4|1982年建成|塔楼/板楼/塔板结合|1至1.5元/平米/月|北京中铁平安物业管理中心|中铁建工集团有限公司|29栋|2789户|115165|2018-11-03 15:36:13.516806
1111027373850|德胜佳苑|https://bj.lianjia.com/xiaoqu/1111027373850/|西城|德胜门|近地铁2号线积水潭站|2|0|2008年建成|板楼|3.68元/平米/月|北京诚信恒远物业管理有限公司|北京恒远基业房地产开发公司|5栋|540户|141090|2018-11-03 15:36:13.516908
1111027378564|南露园|https://bj.lianjia.com/xiaoqu/1111027378564/|西城|阜成门|近地铁6号线车公庄西站|13|5|1992年建成|板楼|1至1.2元/平米/月|北京新惠物业管理中心|无开发公司|6栋|1050户|108458|2018-11-03 15:36:13.517004
1111027380068|恬心家园|https://bj.lianjia.com/xiaoqu/1111027380068/|西城|白纸坊||4|5|2000年建成|塔楼/塔板结合|1.68元/平米/月|北京图澜物业管理有限公司|北京市天工房地产开发有限责任公司|3栋|730户|89311|2018-11-03 15:36:13.517100
1111027381293|宣武门西大街|https://bj.lianjia.com/xiaoqu/1111027381293/|西城|金融街|近地铁2号线宣武门站|18|6|1970年建成|塔楼/板楼/塔板结合/平房|1.61至2.2元/平米/月|北京天岳恒房屋经营管理有限公司|北京市房屋管理局|20栋|4182户|101832|2018-11-03 15:36:13.517198
1111027378023|六铺炕二区|https://bj.lianjia.com/xiaoqu/1111027378023/|西城|六铺炕|近地铁2号线鼓楼大街站|10|2|1950年建成|塔楼/板楼/塔板结合/平房|1.2至1.5元/平米/月|北京中水电物业管理有限公司|北京绿都源房地产开发有限公司|44栋|2354户|133432|2018-11-03 15:36:13.517295
1111027375155|红莲中里|https://bj.lianjia.com/xiaoqu/1111027375155/|西城|马连道|近地铁7号线达官营站|7|5|1980年建成|塔楼/板楼|0.5至0.8元/平米/月|街道办事处（委员会）代管物业|北京市宣武区房地产管理局|24栋|2498户|85456|2018-11-03 15:36:13.517521
1111027377179|九和苑|https://bj.lianjia.com/xiaoqu/1111027377179/|西城|车公庄|近地铁2号线车公庄站|3|4|2002年建成|塔板结合|2.6元/平米/月|北京城建燕远物业管理有限责任公司|北京九合创业房地产开发有限公司|3栋|437户|119911|2018-11-03 15:36:13.517651
1111027377642|考拉社区|https://bj.lianjia.com/xiaoqu/1111027377642/|西城|菜户营||15|2|2005年建成|塔楼/板楼|1.76元/平米/月|北京首华物业管理有限公司|北京城乡中昊房地产开发有限公司|3栋|745户|84698|2018-11-03 15:36:13.517763
1111027378025|六铺炕一区|https://bj.lianjia.com/xiaoqu/1111027378025/|西城|六铺炕|近地铁5号线和平里北街站|10|3|1975年建成|板楼/塔板结合|0.5元/平米/月|北京中水电物业管理有限公司|北京绿都源房地产开发有限公司|12栋|925户|143388|2018-11-03 15:36:13.517869
1111027379523|双旗杆东里|https://bj.lianjia.com/xiaoqu/1111027379523/|西城|马甸|近地铁5号线和平里北街站|21|6|1974年建成|塔楼/板楼/平房|0.5至1.8元/平米/月|北京博德物业管理有限责任公司|北京市西城区城市建设开发公司|18栋|1471户|127543|2018-11-03 15:36:13.518180
1111027381883|依莲轩|https://bj.lianjia.com/xiaoqu/1111027381883/|西城|马连道|近地铁7号线湾子站|8|2|2000年建成|塔楼|1.85元/平米/月|深圳市莲花物业管理有限公司北京分公司|北京依莲轩房地产开发有限责任公司|4栋|772户|82626|2018-11-03 15:36:13.518332
1111027380943|新街口西里一区|https://bj.lianjia.com/xiaoqu/1111027380943/|西城|新街口|近地铁4号线新街口站|5|1|2003年建成|板楼/平房|0.5至0.62元/平米/月|北京市福城物业管理中心|北京西都地产发展有限公司|8栋|1609户|113181|2018-11-03 15:36:42.291538
1111027381458|西直门南大街|https://bj.lianjia.com/xiaoqu/1111027381458/|西城|官园|近地铁2号线西直门站|9|1|1980年建成|塔楼/塔板结合|1至1.8元/平米/月|北京房修一物业管理有限公司|无开发商|16栋|2414户|102152|2018-11-03 15:36:42.291694
1111027381059|新明胡同|https://bj.lianjia.com/xiaoqu/1111027381059/|西城|马甸||14|10|1980年建成|塔楼/板楼/塔板结合/平房|0.5至1.98元/平米/月|北京德胜苑物业管理有限责任公司|北京城建四建设工程有限责任公司|11栋|1335户|136638|2018-11-03 15:36:42.291804
1111027380827|信和嘉园|https://bj.lianjia.com/xiaoqu/1111027380827/|西城|马连道|近地铁7号线湾子站|5|2|2006年建成|板楼/塔板结合|2.6元/平米/月|均豪物业管理有限公司|北京中物信和房地产开发有限公司|4栋|613户|104547|2018-11-03 15:36:42.291901
1111027381270|新外大街甲8号院|https://bj.lianjia.com/xiaoqu/1111027381270/|西城|马甸||11|2|1973年建成|板楼|1至3元/平米/月|北京中航物业管理有限责任公司|航空航天设计院|20栋|1183户|142299|2018-11-03 15:36:42.291993
1111027374577|观河锦苑|https://bj.lianjia.com/xiaoqu/1111027374577/|西城|德胜门|近地铁2号线积水潭站|3|1|2002年建成|板楼/塔板结合|2.75元/平米/月|北京观远物业管理有限公司|北京观远房地产开发公司|5栋|486户|137891|2018-11-03 15:36:42.292084
1111027374901|恒昌花园|https://bj.lianjia.com/xiaoqu/1111027374901/|西城|广安门|近地铁7号线达官营站|12|0|1994年建成|塔楼/板楼|1至2元/平米/月|中国社会科学院服务局物业管理处|北京坤厚房地产开发股分有限公司|5栋|761户|83681|2018-11-03 15:36:42.292178
1111027382109|玉桃园三区|https://bj.lianjia.com/xiaoqu/1111027382109/|西城|西直门|近地铁4号线新街口站|2|2|1990年建成|板楼|0.55元/平米/月|北京房修一物业管理有限公司|北京首开天鸿集团有限公司|8栋|675户|107549|2018-11-03 15:36:42.292291
1111027378533|牛街西里|https://bj.lianjia.com/xiaoqu/1111027378533/|西城|牛街|近地铁7号线广安门内站|22|2|1999年建成|塔楼|0.98至1元/平米/月|北京佳诚物业管理有限公司|北京市宣武区房地产经营开发公司|14栋|2996户|82483|2018-11-03 15:36:42.292546
1111027378528|牛街东里|https://bj.lianjia.com/xiaoqu/1111027378528/|西城|牛街|近地铁7号线广安门内站|23|8|1999年建成|塔楼/板楼|0.98元/平米/月|北京佳诚物业管理有限公司|北京市宣武区房地产经营开发公司|14栋|2852户|83498|2018-11-03 15:36:42.292653
1111027380262|万和世家|https://bj.lianjia.com/xiaoqu/1111027380262/|西城|牛街|近地铁4号线陶然亭站|6|0|2002年建成|板楼|2.5元/平米/月|北京均豪物业管理有限责任公司|北京万馨房地产开发有限公司|6栋|451户|116559|2018-11-03 15:36:42.292755
1111027375143|华龙美钰|https://bj.lianjia.com/xiaoqu/1111027375143/|西城|右安门内|近地铁4号线陶然亭站|11|2|2011年建成|塔板结合|2.8元/平米/月|北京喜莱达物业管理有限公司|北京金源时代房地产开发有限公司|3栋|706户|103046|2018-11-03 15:36:42.292859
1111027375147|红莲南里|https://bj.lianjia.com/xiaoqu/1111027375147/|西城|马连道|近地铁7号线达官营站|5|4|1980年建成|塔楼/板楼|0.8至1元/平米/月|街道办事处（委员会）代管物业|北京市宣武区房地产管理局|14栋|1457户|81305|2018-11-03 15:36:42.292951
1111027377111|建功北里|https://bj.lianjia.com/xiaoqu/1111027377111/|西城|白纸坊||21|9|1981年建成|塔楼/板楼/塔板结合|0.5至1.98元/平米/月|北京建工物业管理有限公司|北京宣兴房地产股份有限公司|19栋|2883户|86909|2018-11-03 15:36:42.293044
1111027378997|人定湖西里|https://bj.lianjia.com/xiaoqu/1111027378997/|西城|六铺炕|近地铁5号线和平里北街站|12|4|1955年建成|板楼/平房|暂无信息|房管所代管物业|无开发商|19栋|1171户|123766|2018-11-03 15:36:42.293135
1111027374483|广安门外南街|https://bj.lianjia.com/xiaoqu/1111027374483/|西城|天宁寺|近地铁1号线木樨地站|20|4|1980年建成|塔楼/板楼/塔板结合/平房|0.56至2.43元/平米/月|单位自管物业|无开发商|17栋|1444户|87596|2018-11-03 15:36:42.293226
1111027379974|天桥北里|https://bj.lianjia.com/xiaoqu/1111027379974/|西城|陶然亭|近地铁7号线珠市口站|6|2|2002年建成|塔楼/板楼/塔板结合|0.52至0.9元/平米/月|北京天宝伟业物业管理有限责任公司|北京市天桥投资开发公司|8栋|2300户|81953|2018-11-03 15:36:42.293338
1111027377704|扣钟北里|https://bj.lianjia.com/xiaoqu/1111027377704/|西城|阜成门|近地铁6号线车公庄西站|3|9|1986年建成|塔楼/板楼|1.11至2.45元/平米/月|房管所代管物业|无开发商|8栋|1089户|108413|2018-11-03 15:36:42.293432
1111027377350|京师吉地|https://bj.lianjia.com/xiaoqu/1111027377350/|西城|马甸||1|3|2011年建成|塔板结合|3.16元/平米/月|北京国信好望物业管理有限公司|北京京师大房地产开发有限公司|1栋|392户|148466|2018-11-03 15:36:42.293525
1111027380853|小红庙|https://bj.lianjia.com/xiaoqu/1111027380853/|西城|广安门|近地铁7号线达官营站|10|5|1980年建成|板楼|暂无信息|街道办事处（委员会）代管物业|北京市宣武区房地产经营开发公司|17栋|1397户|91791|2018-11-03 15:36:42.295850
1111027382663|政泰家园|https://bj.lianjia.com/xiaoqu/1111027382663/|西城|菜户营||10|0|2004年建成|塔楼|1.14元/平米/月|北京正华天泰物业管理有限责任公司|北京住总正华开发建设集团有限公司|1栋|412户|68224|2018-11-03 15:36:42.295960
1111027375053|宏汇园小区|https://bj.lianjia.com/xiaoqu/1111027375053/|西城|金融街|近地铁4号线灵境胡同站|1|6|1999年建成|板楼|1元/平米/月|北京丰汇物业管理有限责任公司|北京兆泰置地（集团）股份有限公司|9栋|1104户|187001|2018-11-03 15:36:42.296152
1111027382108|玉桃园二区|https://bj.lianjia.com/xiaoqu/1111027382108/|西城|西直门|近地铁2号线西直门站|1|2|1990年建成|板楼|0.55至1.78元/平米/月|北京房修一物业管理有限公司|北京首开天鸿集团有限公司|20栋|751户|111322|2018-11-03 15:36:42.296247
1111027380940|新街口西里二区|https://bj.lianjia.com/xiaoqu/1111027380940/|西城|新街口|近地铁4号线新街口站|4|1|2002年建成|板楼|0.62元/平米/月|北京天恒瑞海物业管理有限责任公司|北京西都地产发展有限公司|3栋|828户|108833|2018-11-03 15:36:42.296340
1111027382067|月坛北街25号院|https://bj.lianjia.com/xiaoqu/1111027382067/|西城|月坛|近地铁9号线白堆子站|6|1|1960年建成|板楼|0.5元/平米/月|单位自管物业|无开发商|38栋|1398户|126272|2018-11-03 15:36:42.296434
1111027378779|侨办大院|https://bj.lianjia.com/xiaoqu/1111027378779/|西城|阜成门|近地铁2号线阜成门站|1|2|1956年建成|塔楼/板楼|1.93元/平米/月|单位自管物业|无开发商|6栋|623户|108352|2018-11-03 15:36:42.296524
1111027374591|广华轩|https://bj.lianjia.com/xiaoqu/1111027374591/|西城|广安门|近地铁7号线达官营站|6|2|1998年建成|塔楼/板楼|1.67至1.76元/平米/月|瑞斯特物业管理公司|北京广华轩房地产开发有限责任公司|5栋|839户|79250|2018-11-03 15:36:42.296616
1111027378024|六铺炕三区|https://bj.lianjia.com/xiaoqu/1111027378024/|西城|六铺炕|近地铁5号线和平里北街站|9|0|1952年建成|板楼/塔板结合/平房|0.5元/平米/月|单位自管物业|水利电力规划院|23栋|1110户|132928|2018-11-03 15:36:42.296708
1111027374406|复兴门外大街|https://bj.lianjia.com/xiaoqu/1111027374406/|西城|木樨地|近地铁1号线木樨地站|11|4|1979年建成|塔楼/板楼/塔板结合|1元/平米/月|亿方物业管理公司|无开发商|23栋|3301户|123726|2018-11-03 15:36:42.296810
1111027382129|源屋曲|https://bj.lianjia.com/xiaoqu/1111027382129/|西城|天宁寺||4|2|2005年建成|塔楼/板楼|2.2至2.5元/平米/月|北京明大物业管理有限公司|北京华安泰房地产开发有限公司|7栋|471户|94806|2018-11-03 15:36:42.296904
1111027375955|北京尊府|https://bj.lianjia.com/xiaoqu/1111027375955/|西城|金融街|近地铁2号线长椿街站|0|4|2008年建成|塔楼/塔板结合|5.5至5.8元/平米/月|北京金都世纪物业管理有限责任公司|北京晨昱泰和房地产开发有限公司|4栋|522户|196499|2018-11-03 15:37:11.315477
1111027377875|立恒名苑|https://bj.lianjia.com/xiaoqu/1111027377875/|西城|天宁寺||5|2|2002年建成|塔楼|2.8元/平米/月|暂无信息|北京立恒房地产开发经营有限公司|3栋|449户|48058|2018-11-03 15:37:11.315667
1111027375149|红莲晴园|https://bj.lianjia.com/xiaoqu/1111027375149/|西城|马连道|近地铁7号线达官营站|2|0|2000年建成|塔楼|1.6元/平米/月|单位自管物业|北京宣兴房地产股份有限公司|6栋|1087户|80442|2018-11-03 15:37:11.315776
1111027380157|万博苑|https://bj.lianjia.com/xiaoqu/1111027380157/|西城|右安门内||6|3|1997年建成|塔楼/板楼|1.65至2.68元/平米/月|乐生活(北京)智慧社区投资发展有限责任公司|北京宏业房地产开发有限责任公司|5栋|866户|88365|2018-11-03 15:37:11.315875
1111027379417|三里河二区A区|https://bj.lianjia.com/xiaoqu/1111027379417/|西城|月坛|近地铁1号线木樨地站|0|2|1999年建成|塔楼|2.28元/平米/月|北京汇灵物业管理有限责任公司|暂无信息|4栋|803户|137956|2018-11-03 15:37:11.315969
1111027376771|蝶翠华庭|https://bj.lianjia.com/xiaoqu/1111027376771/|西城|广安门|近地铁7号线湾子站|9|0|2003年建成|塔楼|2.4元/平米/月|深圳市莲花物业管理有限公司北京分公司|北京港旅房地产开发有限公司|3栋|788户|94130|2018-11-03 15:37:11.316061
1111027377345|锦上国际公寓|https://bj.lianjia.com/xiaoqu/1111027377345/|西城|长椿街|近地铁7号线广安门内站|8|0|2007年建成|塔楼|4.75元/平米/月|北京富润物业管理有限公司|北京市天工房地产开发有限责任公司|1栋|383户|81308|2018-11-03 15:37:11.316154
1111027376697|车站东街15号院|https://bj.lianjia.com/xiaoqu/1111027376697/|西城|天宁寺|近地铁7号线达官营站|5|3|1979年建成|板楼/平房|暂无信息|无物业管理服务|无开发商|14栋|770户|96848|2018-11-03 15:37:11.316247
1111027373865|德胜里一区|https://bj.lianjia.com/xiaoqu/1111027373865/|西城|德胜门|近地铁2号线积水潭站|10|1|1980年建成|塔楼/板楼|暂无信息|街道办事处（委员会）代管物业|水利电力规划院|14栋|880户|135525|2018-11-03 15:37:11.316341
1111027378984|融城|https://bj.lianjia.com/xiaoqu/1111027378984/|西城|阜成门|近地铁2号线车公庄站|3|2|2005年建成|板楼/塔板结合|3.18元/平米/月|山东宏泰物业发展有限公司北京分公司|中实投资有限责任公司|2栋|372户|108458|2018-11-03 15:37:11.316435
1111027375126|红莲北里|https://bj.lianjia.com/xiaoqu/1111027375126/|西城|马连道|近地铁7号线达官营站|6|2|1980年建成|板楼|暂无信息|街道办事处（委员会）代管物业|北京市宣武区房地产管理局|12栋|992户|96516|2018-11-03 15:37:11.316530
1111027381260|新外大街28号院|https://bj.lianjia.com/xiaoqu/1111027381260/|西城|德胜门|近地铁2号线积水潭站|6|2|1980年建成|板楼/塔板结合|暂无信息|北京普信物业管理有限公司|北京惠安兴业房地产开发有限责任公司|8栋|785户|140113|2018-11-03 15:37:11.316625
1111027376719|车站西街15号院|https://bj.lianjia.com/xiaoqu/1111027376719/|西城|广安门||6|3|1987年建成|板楼|0.5元/平米/月|北京鑫荣物业发展总公司|无开发商|8栋|1156户|89653|2018-11-03 15:37:11.316830
1111027380370|文联宿舍|https://bj.lianjia.com/xiaoqu/1111027380370/|西城|马甸|近地铁5号线和平里北街站|9|2|1992年建成|塔楼|1.7元/平米/月|中国文联物业管理中心|北京市西城区城市建设开发公司|4栋|540户|139932|2018-11-03 15:37:11.316927
1111027381023|馨莲茗园|https://bj.lianjia.com/xiaoqu/1111027381023/|西城|马连道|近地铁7号线湾子站|1|1|2003年建成|塔板结合|1.6元/平米/月|馨莲茗园业主委员会物业|华纺房地产开发公司|1栋|477户|77327|2018-11-03 15:37:11.317022
1111027377017|教场口6号院|https://bj.lianjia.com/xiaoqu/1111027377017/|西城|六铺炕|近地铁2号线积水潭站|4|1|2003年建成|板楼|0.5元/平米/月|北京市德源物业管理中心|北京德胜投资有限责任公司|5栋|873户|127004|2018-11-03 15:37:11.317117
1111027379424|三里河三区|https://bj.lianjia.com/xiaoqu/1111027379424/|西城|月坛|近地铁1号线木樨地站|7|9|1950年建成|板楼/塔板结合|0.8至2.2元/平米/月|亿方物业管理公司|暂无信息|56栋|3487户|126483|2018-11-03 15:37:11.317211
1111027380828|西环景苑|https://bj.lianjia.com/xiaoqu/1111027380828/|西城|马连道|近地铁7号线湾子站|4|1|2001年建成|塔楼|1.98元/平米/月|北京宏丰行物业管理有限责任公司|北京乾丰置业有限公司|3栋|414户|82113|2018-11-03 15:37:11.317305
1111027376754|德宝新园|https://bj.lianjia.com/xiaoqu/1111027376754/|西城|西直门|近地铁2号线西直门站|3|1|1990年建成|板楼|0.55元/平米/月|房管所代管物业|无开发商|17栋|1453户|102869|2018-11-03 15:37:11.317416
1111027375528|华裕园小区|https://bj.lianjia.com/xiaoqu/1111027375528/|西城|西四|近地铁2号线西直门站|1|0|2000年建成|板楼|0.6至1.6元/平米/月|北京华尔森物业管理有限公司|无开发公司|9栋|374户|130856|2018-11-03 15:37:11.317520
1111027374315|丰侨公寓|https://bj.lianjia.com/xiaoqu/1111027374315/|西城|金融街|近地铁4号线灵境胡同站|0|6|2006年建成|塔板结合|3.86元/平米/月|北京丰汇物业管理有限责任公司|远洋地产有限公司|3栋|884户|199956|2018-11-03 15:37:11.317633
1111027377196|京畿道|https://bj.lianjia.com/xiaoqu/1111027377196/|西城|金融街|近地铁1号线西单站|2|2|1990年建成|板楼|0.5元/平米/月|北京银龙物业管理有限公司|万博伊家房地产开发有限公司|11栋|876户|144733|2018-11-03 15:37:11.317729
1111027379070|如意里|https://bj.lianjia.com/xiaoqu/1111027379070/|西城|新街口|近地铁4号线新街口站|3|3|1958年建成|板楼|0.55至0.8元/平米/月|街道办事处（委员会）代管物业|北京首开天鸿集团有限公司|12栋|1396户|102653|2018-11-03 15:37:11.317834
1111027381104|西绒线|https://bj.lianjia.com/xiaoqu/1111027381104/|西城|西单|近地铁1号线西单站|8|0|1957年建成|板楼/平房|0.65元/平米/月|无物业管理服务|北京市新兴房地产开发总公司|18栋|2495户|120867|2018-11-03 15:37:11.317929
1111027377641|康乐里小区|https://bj.lianjia.com/xiaoqu/1111027377641/|西城|长椿街|近地铁2号线长椿街站|6|1|1999年建成|塔楼|2.5元/平米/月|北京恒达物业管理有限责任公司|无开发商|8栋|936户|109572|2018-11-03 15:37:11.318023
1111027374212|富国里小区|https://bj.lianjia.com/xiaoqu/1111027374212/|西城|官园|近地铁4号线平安里站|8|2|1996年建成|板楼|1元/平米/月|北京市西开华辰物业管理中心|北京市西城区城市建设开发公司|16栋|1188户|127150|2018-11-03 15:37:11.318212
1111027381284|新文化街|https://bj.lianjia.com/xiaoqu/1111027381284/|西城|金融街|近地铁1号线西单站|3|4|1979年建成|塔楼/板楼/塔板结合|1.68至2.2元/平米/月|北京天岳恒房屋经营管理有限公司|无开发商|15栋|1612户|136951|2018-11-03 15:37:11.318308
1111027380697|新风北里|https://bj.lianjia.com/xiaoqu/1111027380697/|西城|马甸||4|1|1983年建成|塔楼/板楼|0.5至1元/平米/月|单位自管物业|无开发商|6栋|472户|142533|2018-11-03 15:37:11.318402
1111027380384|万明园|https://bj.lianjia.com/xiaoqu/1111027380384/|西城|月坛|近地铁2号线阜成门站|1|0|1990年建成|塔楼/板楼/塔板结合|0.6至1.6元/平米/月|单位自管物业|中国水电建设集团房地产有限公司|12栋|828户|114612|2018-11-03 15:37:11.318495
1111027379986|陶然湖景|https://bj.lianjia.com/xiaoqu/1111027379986/|西城|陶然亭|近地铁4号线陶然亭站|3|0|2002年建成|板楼|2.36元/平米/月|北京永庆物业管理有限公司|北京海腾房地产开发经营有限公司|1栋|312户|112141|2018-11-03 15:37:11.318585
1111027380345|万科紫苑|https://bj.lianjia.com/xiaoqu/1111027380345/|丰台|青塔|近地铁14号线(西段)郭庄子站|20|15|2008年建成|板楼/塔板结合|1.7至3.5元/平米/月|北京万科物业管理有限公司|北京中粮万科假日风景房地产开发有限公司|31栋|2035户|65977|2018-11-03 15:38:51.062196
1111027374678|gogo新世代|https://bj.lianjia.com/xiaoqu/1111027374678/|丰台|方庄|近地铁5号线蒲黄榆站|23|9|2005年建成|塔楼/塔板结合|1.98元/平米/月|北京方庄物业管理有限责任公司|北京双林房地产开发有限公司|7栋|1712户|64620|2018-11-03 15:38:51.062401
1111046457781|中海御鑫阁|https://bj.lianjia.com/xiaoqu/1111046457781/|丰台|科技园区|近地铁房山线郭公庄站|31|18|2012年建成|板楼|4.18元/平米/月|中海物业管理公司|中海地产|4栋|1350户|69210|2018-11-03 15:38:51.062518
1111027375970|保利百合|https://bj.lianjia.com/xiaoqu/1111027375970/|丰台|丽泽|近地铁9号线六里桥站|10|2|2007年建成|板楼/塔板结合|2.8至3.8元/平米/月|保利物业管理(北京)有限公司|保利（北京）房地产开发有限公司|10栋|1421户|85330|2018-11-03 15:38:51.062618
1111027380791|星河城东区|https://bj.lianjia.com/xiaoqu/1111027380791/|丰台|马家堡|近地铁4号线公益西桥站|26|4|2006年建成|塔楼/板楼/塔板结合|1.99至2.5元/平米/月|北京玺萌置业有限公司|北京玺萌置业有限公司|21栋|1933户|68985|2018-11-03 15:38:51.062713
1111027380343|万科中粮假日风景|https://bj.lianjia.com/xiaoqu/1111027380343/|丰台|青塔|近地铁14号线(西段)郭庄子站|14|5|2007年建成|板楼/塔板结合|1.7至2.7元/平米/月|万科物业服务有限公司|北京中粮万科假日风景房地产开发有限公司|19栋|1440户|67313|2018-11-03 15:38:51.062823
1111027374458|富卓苑|https://bj.lianjia.com/xiaoqu/1111027374458/|丰台|马家堡|近地铁4号线公益西桥站|42|5|1999年建成|塔楼/板楼|0.5至1.5元/平米/月|北京富卓物业管理有限公司|北京富卓创业房地产开发有限公司|14栋|2132户|60120|2018-11-03 15:38:51.062918
1111045368414|南庭新苑北区|https://bj.lianjia.com/xiaoqu/1111045368414/|丰台|新宫|近地铁4号线新宫站|13|5|2009年建成|塔楼/板楼/塔板结合|1.5元/平米/月|北京京丰物业公司|北京城建集团有限责任公司|22栋|5224户|50102|2018-11-03 15:38:51.063016
1111027375287|慧时欣园|https://bj.lianjia.com/xiaoqu/1111027375287/|丰台|木樨园|近地铁10号线石榴庄站|24|4|2000年建成|塔楼/塔板结合/平房|1.15至1.75元/平米/月|北京绿环物业管理有限公司|北京市永联房地产开发有限责任公司|11栋|2314户|55026|2018-11-03 15:38:51.063115
1111027379295|三环新城7号院|https://bj.lianjia.com/xiaoqu/1111027379295/|丰台|玉泉营|近地铁10号线丰台站站|64|4|2003年建成|塔楼/板楼/塔板结合/平房|1.2至4元/平米/月|北京新城康景物业管理有限责任公司|北京懋源苑房地产开发有限公司|13栋|4062户|53749|2018-11-03 15:38:51.063331
1111027379903|天伦锦城|https://bj.lianjia.com/xiaoqu/1111027379903/|丰台|花乡||33|8|2003年建成|塔楼/板楼/塔板结合|1.45至1.8元/平米/月|北京金润隆物业管理有限公司|北京丰泰新房地产开发有限责任公司|17栋|3634户|47253|2018-11-03 15:38:51.063435
1111027374186|芳城园一区|https://bj.lianjia.com/xiaoqu/1111027374186/|丰台|方庄|近地铁14号线(东段)方庄站|54|9|1989年建成|塔楼/塔板结合|1.98至2.38元/平米/月|北京市金舟物业管理有限责任公司|北京城市建设开发集团有限责任公司|13栋|5889户|62641|2018-11-03 15:38:51.063532
1111027380385|万年花城二期|https://bj.lianjia.com/xiaoqu/1111027380385/|丰台|玉泉营|近地铁10号线首经贸站|36|13|2005年建成|塔楼/板楼/塔板结合|1.78至3.9元/平米/月|北京兴邦物业管理有限公司|北京万年花城房地产开发有限责任公司|17栋|2538户|63187|2018-11-03 15:38:51.063624
1111027381561|银地家园|https://bj.lianjia.com/xiaoqu/1111027381561/|丰台|花乡||36|7|1998年建成|塔楼/板楼/塔板结合|0.55至1.8元/平米/月|北京银地物业管理有限公司|北京银地房地产开发有限责任公司|35栋|3696户|47953|2018-11-03 15:38:51.063722
1111027380388|万年花城四期|https://bj.lianjia.com/xiaoqu/1111027380388/|丰台|玉泉营|近地铁10号线首经贸站|35|6|2008年建成|塔楼/板楼/塔板结合|1.97至3元/平米/月|北京兴邦物业管理有限公司|北京万年花城房地产开发有限责任公司|11栋|2291户|65054|2018-11-03 15:38:51.063825
1111027379471|石榴园北里小区|https://bj.lianjia.com/xiaoqu/1111027379471/|丰台|刘家窑|近地铁5号线宋家庄站|15|4|1990年建成|塔楼/板楼/塔板结合/平房|0.8至8元/平米/月|北京中创物业管理有限公司|北京首开天鸿集团有限公司|35栋|5614户|53955|2018-11-03 15:38:51.063920
1111027380798|星河城西区|https://bj.lianjia.com/xiaoqu/1111027380798/|丰台|马家堡|近地铁4号线公益西桥站|22|11|2003年建成|塔楼/板楼/塔板结合|1.99至2.5元/平米/月|北京星河城物业管理有限公司|北京玺萌置业有限公司|26栋|2038户|68599|2018-11-03 15:38:51.064016
1111027379472|石榴园南里小区|https://bj.lianjia.com/xiaoqu/1111027379472/|丰台|刘家窑|近地铁10号线石榴庄站|24|3|1994年建成|塔楼/板楼/塔板结合|0.8至2.28元/平米/月|北京房修一物业管理有限公司|北京首开天鸿集团有限公司|23栋|3566户|53705|2018-11-03 15:38:51.064115
1111027379355|世纪金色嘉园|https://bj.lianjia.com/xiaoqu/1111027379355/|丰台|北京南站|近地铁4号线陶然亭站|11|4|2002年建成|塔楼|1.98元/平米/月|北京京丰物业管理有限责任公司|北京世纪鸿房地产开发有限责任公司|3栋|1380户|65624|2018-11-03 15:38:51.064224
1111027377388|金泰城丽湾|https://bj.lianjia.com/xiaoqu/1111027377388/|丰台|菜户营||25|7|2007年建成|塔楼/板楼/塔板结合|2.8元/平米/月|北京金泰物业管理有限公司|北京金泰房地产开发有限责任公司|12栋|1523户|83185|2018-11-03 15:38:51.064342
1111027382505|珠江峰景|https://bj.lianjia.com/xiaoqu/1111027382505/|丰台|岳各庄||36|3|2006年建成|塔楼/板楼/塔板结合|1.98元/平米/月|北京康景物业管理有限公司|北京东方恒嘉房地产开发有限公司|27栋|2318户|54578|2018-11-03 15:38:51.064435
1111027379296|三环新城8号院|https://bj.lianjia.com/xiaoqu/1111027379296/|丰台|玉泉营|近地铁10号线丰台站站|36|2|2006年建成|塔楼/板楼/平房|1.2至4元/平米/月|北京新城康景物业管理有限责任公司|北京懋源苑房地产开发有限公司|16栋|2498户|57046|2018-11-03 15:38:51.064527
1111027382744|左右坊|https://bj.lianjia.com/xiaoqu/1111027382744/|丰台|马家堡|近地铁4号线公益西桥站|15|7|2008年建成|板楼|1.58元/平米/月|北京欣亿家隆物业管理有限公司|北京玺萌置业有限公司|2栋|933户|63402|2018-11-03 15:38:51.064730
1111027382517|珠江骏景北区|https://bj.lianjia.com/xiaoqu/1111027382517/|丰台|西罗园||30|5|2004年建成|塔楼/板楼/塔板结合|2.36元/平米/月|北京康景物业管理有限公司|北京珠江房地产开发有限公司|30栋|1532户|55978|2018-11-03 15:38:51.064845
1111027377276|角门东里|https://bj.lianjia.com/xiaoqu/1111027377276/|丰台|角门|近地铁4号线公益西桥站|13|4|1980年建成|塔楼/板楼|0.5至2元/平米/月|北京市丰台城建物业管理公司|北京城建房地产开发有限公司|55栋|5283户|58947|2018-11-03 15:38:51.064941
1111027376986|建邦枫景|https://bj.lianjia.com/xiaoqu/1111027376986/|丰台|青塔|近地铁14号线(西段)郭庄子站|5|8|2010年建成|板楼/塔板结合|1.67至2.28元/平米/月|北京建工物业服务有限公司|北京建工地产|10栋|1866户|53217|2018-11-03 15:38:51.065034
1111027380387|万年花城三期|https://bj.lianjia.com/xiaoqu/1111027380387/|丰台|玉泉营|近地铁10号线首经贸站|38|5|2006年建成|板楼/塔板结合|1.78至5元/平米/月|北京兴邦物业管理有限公司|北京万年花城房地产开发有限责任公司|12栋|2273户|62796|2018-11-03 15:38:51.065139
1111027380521|望园东里|https://bj.lianjia.com/xiaoqu/1111027380521/|丰台|七里庄|近地铁9号线七里庄站|32|5|1998年建成|塔楼/板楼|1.2至2.39元/平米/月|北京市丰台城建物业管理公司|北京城市建设开发集团有限责任公司|22栋|3206户|56454|2018-11-03 15:38:51.065241
1111027376424|彩虹城四区|https://bj.lianjia.com/xiaoqu/1111027376424/|丰台|赵公口|近地铁10号线石榴庄站|25|8|2005年建成|塔楼/板楼/塔板结合|1.8元/平米/月|北京东和田园物业管理公司|北京东和嘉业房地产开发有限公司|9栋|2195户|58573|2018-11-03 15:38:51.065334
1111027377509|嘉园二里|https://bj.lianjia.com/xiaoqu/1111027377509/|丰台|马家堡|近地铁4号线北京南站站|29|5|1996年建成|塔楼/板楼|1.2元/平米/月|北京城建物业管理有限公司|北京市石景山区城市建设开发公司|37栋|5377户|56340|2018-11-03 15:38:51.065428
1111027382238|远洋自然|https://bj.lianjia.com/xiaoqu/1111027382238/|丰台|大红门|近地铁10号线角门东站|14|17|2006年建成|板楼/塔板结合|1.98至4元/平米/月|北京中原华夏物业管理有限公司|中远房地产开发有限公司|10栋|1858户|62932|2018-11-03 15:39:18.016100
1111045501689|广安﹒康馨家园|https://bj.lianjia.com/xiaoqu/1111045501689/|丰台|青塔||31|14|2013年建成|板楼/塔板结合|2.17元/平米/月|北京中商和旭物业管理有限公司|暂无信息|26栋|6276户|48619|2018-11-03 15:39:18.016295
1111027379116|顺驰蓝调|https://bj.lianjia.com/xiaoqu/1111027379116/|丰台|菜户营||23|6|2008年建成|塔楼/板楼/塔板结合/平房|2.8元/平米/月|石家庄励富仕联行物业管理有限公司北京分公司|北京顺驰置地丰润房地产开发有限公司|11栋|1728户|83908|2018-11-03 15:39:18.016404
1111027376529|草桥欣园三区|https://bj.lianjia.com/xiaoqu/1111027376529/|丰台|草桥|近地铁10号线草桥站|17|6|1998年建成|板楼|0.8至2.1元/平米/月|北京市新时特物业管理有限公司|北京市华野房地产开发有限公司|20栋|2102户|66414|2018-11-03 15:39:18.016503
1111027381661|阳光花园|https://bj.lianjia.com/xiaoqu/1111027381661/|丰台|角门|近地铁10号线角门东站|13|1|2009年建成|塔楼/板楼|2.55至4.9元/平米/月|北京市均豪物业管理有限责任公司|北京京投置地房产有限公司|9栋|1336户|71305|2018-11-03 15:39:18.016600
1111027379365|设计师广场|https://bj.lianjia.com/xiaoqu/1111027379365/|丰台|科技园区|近地铁9号线丰台南路站|29|14|2008年建成|塔楼|6.5元/平米/月|北京盛泰物业管理有限公司|北京鑫丰信德房地产开发有限公司|4栋|1234户|52324|2018-11-03 15:39:18.016700
1111027378762|鹏润家园|https://bj.lianjia.com/xiaoqu/1111027378762/|丰台|菜户营||32|5|2000年建成|塔楼/板楼|1.59至3.4元/平米/月|北京万盛源物业管理有限责任公司|北京鹏润房地产开发有限责任公司|4栋|2078户|64059|2018-11-03 15:39:18.016805
1111027379036|瑞丽江畔|https://bj.lianjia.com/xiaoqu/1111027379036/|丰台|马家堡|近地铁4号线北京南站站|11|5|2005年建成|塔楼/板楼|1.68至2.5元/平米/月|北京洋桥瑞丽物业管理有限责任公司|北京市永联房地产开发有限责任公司|6栋|1285户|58500|2018-11-03 15:39:18.016905
1111027379000|润枫锦尚|https://bj.lianjia.com/xiaoqu/1111027379000/|丰台|旧宫||27|9|2010年建成|塔板结合|2.16元/平米/月|北京润丰世纪物业管理有限公司|北京润丰房地产开发有限公司|17栋|1319户|45235|2018-11-03 15:39:18.017003
1111027374223|芳古园一区|https://bj.lianjia.com/xiaoqu/1111027374223/|丰台|方庄|近地铁5号线蒲黄榆站|34|5|1988年建成|塔楼/板楼/塔板结合|0.64至2.21元/平米/月|北京方庄物业管理有限责任公司|北京城市开发集团有限责任公司|25栋|3997户|66747|2018-11-03 15:39:18.017102
1111027378246|名都家苑|https://bj.lianjia.com/xiaoqu/1111027378246/|丰台|马家堡|近地铁4号线公益西桥站|11|3|2005年建成|板楼/塔板结合|1.58至1.98元/平米/月|北京众泰鑫物业管理有限公司|一瓶房地产开发（北京）有限公司|8栋|1002户|68305|2018-11-03 15:39:18.017197
1111027381060|西马金润二区|https://bj.lianjia.com/xiaoqu/1111027381060/|丰台|马家堡|近地铁4号线公益西桥站|37|3|1996年建成|塔楼/板楼/塔板结合|0.5至2.68元/平米/月|北京市西马物业管理有限责任公司|北京金易房地产开发有限公司|23栋|2991户|57130|2018-11-03 15:39:18.017433
1111027379266|上海建筑|https://bj.lianjia.com/xiaoqu/1111027379266/|丰台|大红门|近地铁10号线角门东站|13|6|2010年建成|板楼/塔板结合|2.6元/平米/月|北京铄城物业管理有限公司|北京匠心置业有限公司|14栋|1794户|68562|2018-11-03 15:39:18.017571
1111027377024|晶城秀府|https://bj.lianjia.com/xiaoqu/1111027377024/|丰台|成寿寺|近地铁10号线成寿寺站|9|4|2005年建成|塔楼/板楼|3.5至3.65元/平米/月|北京银泰物业管理有限责任公司|北京山水绿洲房地产开发有限责任公司|12栋|806户|62457|2018-11-03 15:39:18.017676
1111027376313|长安新城一区|https://bj.lianjia.com/xiaoqu/1111027376313/|丰台|青塔||32|2|2001年建成|塔楼/板楼|1.46元/平米/月|北京大成物业管理有限公司|北京大成开发集团有限公司|16栋|3038户|49620|2018-11-03 15:39:18.017783
1111027379963|太平桥西里|https://bj.lianjia.com/xiaoqu/1111027379963/|丰台|太平桥|近地铁9号线六里桥东站|39|8|1980年建成|塔楼/板楼/塔板结合|1至2元/平米/月|北京恒兴基业物业管理有限公司|无开发商|32栋|3851户|65603|2018-11-03 15:39:18.017888
1111027381062|西马金润一区|https://bj.lianjia.com/xiaoqu/1111027381062/|丰台|马家堡|近地铁10号线角门东站|10|4|1999年建成|板楼/塔板结合|0.53至2.68元/平米/月|北京市西马物业管理有限责任公司|北京金易房地产开发有限公司|23栋|2278户|60768|2018-11-03 15:39:18.017988
1111027382518|珠江骏景南区|https://bj.lianjia.com/xiaoqu/1111027382518/|丰台|西罗园|近地铁14号线(东段)永定门外站|15|7|2006年建成|塔楼/塔板结合|2.36元/平米/月|北京珠江世纪物业管理有限公司|北京珠江房地产开发有限公司|7栋|725户|51469|2018-11-03 15:39:18.018101
1111027374240|风荷曲苑|https://bj.lianjia.com/xiaoqu/1111027374240/|丰台|六里桥|近地铁9号线六里桥站|12|1|2004年建成|塔楼/板楼|2.47至5元/平米/月|北京瑞思特物业管理有限公司|华凯投资集团有限公司|16栋|1555户|77870|2018-11-03 15:39:18.018194
1111027378236|丽泽雅园|https://bj.lianjia.com/xiaoqu/1111027378236/|丰台|马连道||6|5|2005年建成|塔楼/塔板结合|1.05至1.98元/平米/月|北京东兴联物业管理有限公司|北京东兴联房地产开发有限责任公司|7栋|1464户|64031|2018-11-03 15:39:18.018300
1111027378302|马家堡西里|https://bj.lianjia.com/xiaoqu/1111027378302/|丰台|马家堡|近地铁4号线角门西站|22|2|1985年建成|塔楼/板楼/塔板结合|1.8元/平米/月|街道办事处（委员会）代管物业|北京市丰台区城市建设综合开发公司|48栋|6968户|57264|2018-11-03 15:39:18.018397
1111027381065|玺萌丽苑|https://bj.lianjia.com/xiaoqu/1111027381065/|丰台|草桥|近地铁4号线马家堡站|21|5|2001年建成|塔楼/板楼|1.98元/平米/月|北京宜泽隆物业管理有限公司|北京市房山房地产开发总公司|7栋|1416户|57709|2018-11-03 15:39:18.018489
1111027374041|东亚三环|https://bj.lianjia.com/xiaoqu/1111027374041/|丰台|马家堡|近地铁4号线公益西桥站|0|22|2009年建成|塔楼/板楼|1.88元/平米/月|北京天岳恒房屋经营管理有限公司物业管理分公司|北京东亚信诚国际会展有限公司|9栋|2149户|43055|2018-11-03 15:39:18.018585
1111027382519|珠江骏景中区|https://bj.lianjia.com/xiaoqu/1111027382519/|丰台|西罗园|近地铁10号线大红门站|29|5|2002年建成|塔楼/板楼/塔板结合|2.36至2.86元/平米/月|北京康景物业管理有限公司|北京珠江房地产开发有限公司|18栋|1532户|54204|2018-11-03 15:39:18.018699
1111027382728|政馨园一区|https://bj.lianjia.com/xiaoqu/1111027382728/|丰台|宋家庄|近地铁5号线宋家庄站|16|3|2003年建成|塔板结合|1.25至1.5元/平米/月|北京正华天泰物业管理有限责任公司|北京政华住宅合作社|4栋|1547户|53791|2018-11-03 15:39:18.018912
1111027378045|恋日花都|https://bj.lianjia.com/xiaoqu/1111027378045/|丰台|草桥|近地铁10号线草桥站|10|6|2006年建成|塔楼/板楼|2.02至2.2元/平米/月|北京市新时特物业管理有限公司|北京市新时特房地产开发有限公司|6栋|1114户|71234|2018-11-03 15:39:18.019010
1111027376988|建邦华府|https://bj.lianjia.com/xiaoqu/1111027376988/|丰台|刘家窑|近地铁10号线石榴庄站|7|4|2009年建成|塔楼/板楼/塔板结合|2.48至5.5元/平米/月|北京建工物业服务有限公司|北京建工地产|20栋|889户|60966|2018-11-03 15:39:18.019104
1111027379389|首科花园|https://bj.lianjia.com/xiaoqu/1111027379389/|丰台|太平桥|近地铁9号线六里桥东站|12|0|2003年建成|塔楼/板楼|1.1至1.3元/平米/月|北京首科万业物业管理有限公司|北京华世房地产开发公司|14栋|2215户|65633|2018-11-03 15:39:18.019195
1111027379384|宋家庄家园|https://bj.lianjia.com/xiaoqu/1111027379384/|丰台|刘家窑|近地铁5号线宋家庄站|20|2|2010年建成|塔楼|1.24至1.34元/平米/月|北京建工物业服务有限公司|北京建工集团有限责任公司|13栋|4487户|53609|2018-11-03 15:39:18.019287
1111027379836|天鸿美域|https://bj.lianjia.com/xiaoqu/1111027379836/|丰台|青塔|近地铁14号线(西段)郭庄子站|13|0|2004年建成|塔楼/板楼/塔板结合|1.98至2元/平米/月|北京禾佑物业管理有限责任公司|北京天鸿安信房地产开发有限公司|23栋|2413户|55289|2018-11-03 15:39:18.019380
1111027382209|远洋山水|https://bj.lianjia.com/xiaoqu/1111027382209/|石景山|鲁谷|近地铁1号线八宝山站|155|31|2003年建成|塔楼/板楼/塔板结合|1.9至2.2元/平米/月|北京远洋基业物业管理有限公司|远洋地产有限公司|31栋|10286户|64967|2018-11-03 15:40:35.898245
1111027382206|远洋沁山水|https://bj.lianjia.com/xiaoqu/1111027382206/|石景山|鲁谷|近地铁1号线玉泉路站|50|12|2008年建成|板楼/塔板结合|2.23至2.6元/平米/月|北京远洋基业物业管理有限公司|远洋地产有限公司|22栋|3275户|87569|2018-11-03 15:40:35.898416
1111027381852|永乐东区|https://bj.lianjia.com/xiaoqu/1111027381852/|石景山|鲁谷|近地铁1号线八宝山站|45|7|1950年建成|塔楼/板楼/塔板结合|0.5至2.18元/平米/月|北京重德物业管理有限责任公司|北京市石景山区城市建设开发公司|82栋|6819户|48612|2018-11-03 15:40:35.898514
1111027375313|海特花园小区|https://bj.lianjia.com/xiaoqu/1111027375313/|石景山|苹果园|近地铁1号线苹果园站|47|10|1993年建成|塔楼/板楼/塔板结合/平房|0.6至2.07元/平米/月|北京中建物业管理有限公司|北京伟恩房地产开发有限公司|56栋|5113户|47357|2018-11-03 15:40:35.898614
1111027377174|京汉旭城|https://bj.lianjia.com/xiaoqu/1111027377174/|石景山|鲁谷||29|5|2003年建成|塔楼/板楼|1.93元/平米/月|北京京汉物业管理有限公司|北京京汉房地产开发有限公司|13栋|1701户|63048|2018-11-03 15:40:35.898716
1111027381888|永乐西区|https://bj.lianjia.com/xiaoqu/1111027381888/|石景山|鲁谷|近地铁1号线古城站|48|14|1984年建成|塔楼/板楼|0.55至2.2元/平米/月|北京重德物业管理有限责任公司|北京重厦房地产开发有限公司|58栋|4742户|51704|2018-11-03 15:40:35.898824
1111027379019|融景城|https://bj.lianjia.com/xiaoqu/1111027379019/|石景山|八角|近地铁1号线古城站|18|4|2010年建成|板楼/塔板结合|2.1元/平米/月|深圳长城物业集团股份有限公司|北京天石恒房地产开发有限公司|19栋|2700户|58819|2018-11-03 15:40:35.898922
1111027381804|雍景四季|https://bj.lianjia.com/xiaoqu/1111027381804/|石景山|苹果园||8|3|2009年建成|塔楼/塔板结合|2.16元/平米/月|北京万佳鑫物业管理有限责任公司|北京八大处房地产开发有限公司|13栋|2097户|58239|2018-11-03 15:40:35.899017
1111027378401|模式口西里|https://bj.lianjia.com/xiaoqu/1111027378401/|石景山|苹果园|近地铁S1线桥户营站|34|6|1987年建成|塔楼/板楼/塔板结合|0.64至1.75元/平米/月|北京首钢物业管理有限公司|北京首钢房地产开发有限公司|61栋|4766户|41382|2018-11-03 15:40:35.899112
1111027378940|七星园|https://bj.lianjia.com/xiaoqu/1111027378940/|石景山|鲁谷|近地铁1号线八角游乐园站|5|4|1994年建成|塔楼/板楼/塔板结合|0.5至2.3元/平米/月|北京芳星园物业管理中心|北京城建房地产开发有限公司|26栋|3432户|52658|2018-11-03 15:40:35.899204
1111027381305|西现代城|https://bj.lianjia.com/xiaoqu/1111027381305/|石景山|杨庄||9|3|2004年建成|塔板结合|1.5元/平米/月|北京和鸿物业有限公司|北京天海兆业房地产开发有限公司|3栋|1437户|50053|2018-11-03 15:40:35.899298
1111027382250|杨庄北区|https://bj.lianjia.com/xiaoqu/1111027382250/|石景山|杨庄||12|3|1997年建成|塔楼/板楼|0.65至1.7元/平米/月|北京市金世界物业管理中心|北京金鼎房地产开发公司|18栋|2462户|48327|2018-11-03 15:40:35.899397
1111027375919|八角南里|https://bj.lianjia.com/xiaoqu/1111027375919/|石景山|八角|近地铁1号线古城站|22|0|1985年建成|塔楼/板楼|0.5至1.3元/平米/月|北京芳星园物业管理中心|无开发商|26栋|3366户|52143|2018-11-03 15:40:35.899606
1111027380227|五芳园|https://bj.lianjia.com/xiaoqu/1111027380227/|石景山|鲁谷||21|5|1991年建成|板楼|0.5元/平米/月|北京芳星园物业管理中心|北京六建集团有限责任公司|15栋|2438户|49138|2018-11-03 15:40:35.899708
1111027381546|依翠园|https://bj.lianjia.com/xiaoqu/1111027381546/|石景山|鲁谷|近地铁1号线八角游乐园站|20|2|1992年建成|塔楼/板楼/塔板结合|0.55至2元/平米/月|北京芳星园物业管理中心|北京市石景山区城市建设开发公司|21栋|2420户|50758|2018-11-03 15:40:35.899807
1111027375873|八角北里|https://bj.lianjia.com/xiaoqu/1111027375873/|石景山|八角||16|6|1984年建成|塔楼/板楼|0.63至1.95元/平米/月|北京芳星园物业管理中心|北京首钢房地产开发有限公司|47栋|3497户|50621|2018-11-03 15:40:35.899901
1111027378058|老山东里|https://bj.lianjia.com/xiaoqu/1111027378058/|石景山|老山|近地铁1号线八宝山站|42|6|1982年建成|塔楼/板楼|0.64至1.7元/平米/月|北京首钢物业管理有限公司|北京首钢房地产开发有限公司|53栋|4217户|51551|2018-11-03 15:40:35.899994
1111027381802|御景山|https://bj.lianjia.com/xiaoqu/1111027381802/|石景山|杨庄||10|0|2003年建成|塔板结合|1.9元/平米/月|北京首欣物业管理有限责任公司|北京银创房地产开发有限公司|5栋|1104户|50098|2018-11-03 15:40:35.900114
1111027377889|六合园|https://bj.lianjia.com/xiaoqu/1111027377889/|石景山|鲁谷|近地铁1号线八角游乐园站|26|2|1993年建成|塔楼/板楼|0.7至2元/平米/月|北京芳星园物业管理中心|北京市石景山区城市建设开发公司|24栋|3694户|49595|2018-11-03 15:40:35.900221
1111027374521|古城南路|https://bj.lianjia.com/xiaoqu/1111027374521/|石景山|古城|近地铁1号线古城站|21|1|1958年建成|板楼/塔板结合/平房|0.6至1.2元/平米/月|北京首钢物业管理有限公司|北京首钢房地产开发有限公司|50栋|3527户|47356|2018-11-03 15:40:35.900315
1111027382550|重聚园|https://bj.lianjia.com/xiaoqu/1111027382550/|石景山|鲁谷||14|6|2001年建成|塔楼/板楼|0.5至1.56元/平米/月|北京芳星园物业管理中心|北京石开房地产开发有限公司|18栋|2001户|48429|2018-11-03 15:40:35.900408
1111027381370|西引力|https://bj.lianjia.com/xiaoqu/1111027381370/|石景山|八角|近地铁1号线八角游乐园站|5|10|2005年建成|塔板结合|1.95元/平米/月|北京汇丰源物业管理有限公司|北京蓝德汇丰房地产开发有限公司|3栋|882户|54904|2018-11-03 15:40:35.900500
1111027375872|八角北路|https://bj.lianjia.com/xiaoqu/1111027375872/|石景山|八角|近地铁1号线古城站|30|5|1981年建成|塔楼/板楼|0.64元/平米/月|北京晨旭物业管理有限公司|北京首钢房地产开发有限公司|45栋|3786户|48201|2018-11-03 15:40:35.900591
1111027378080|老山西里|https://bj.lianjia.com/xiaoqu/1111027378080/|石景山|老山|近地铁1号线八角游乐园站|33|5|1982年建成|塔楼/板楼|0.7至1.2元/平米/月|首钢物业|北京首钢房地产开发有限公司|42栋|2707户|50406|2018-11-03 15:40:35.900689
1111027379320|诗景长安|https://bj.lianjia.com/xiaoqu/1111027379320/|石景山|鲁谷||9|0|2010年建成|板楼/塔板结合|2.5元/平米/月|北京市北宇物业管理公司|北京住总圣世源房地产开发有限公司|4栋|594户|58949|2018-11-03 15:40:35.900788
1111027373933|地铁古城家园|https://bj.lianjia.com/xiaoqu/1111027373933/|石景山|杨庄||16|1|1999年建成|塔楼|1.7元/平米/月|北京地铁物业管理有限责任公司|北京地铁房地产开发经营公司|8栋|1560户|43755|2018-11-03 15:40:35.901011
1111027381124|西山枫林一二期|https://bj.lianjia.com/xiaoqu/1111027381124/|石景山|苹果园||10|0|2004年建成|板楼/塔板结合|1.34元/平米/月|北京和泓物业服务有限公司|北京东和伟业房地产开发有限公司|14栋|2556户|51520|2018-11-03 15:40:35.901110
1111027377365|碣石坪|https://bj.lianjia.com/xiaoqu/1111027377365/|石景山|鲁谷|近地铁1号线八角游乐园站|19|2|1989年建成|塔楼/板楼/塔板结合|0.7至1.9元/平米/月|北京首欣物业管理有限责任公司|北京城市开发股份有限公司|10栋|1535户|56144|2018-11-03 15:40:35.901203
1111027378718|苹果园小区一区|https://bj.lianjia.com/xiaoqu/1111027378718/|石景山|苹果园|近地铁1号线苹果园站|6|3|1985年建成|塔楼/板楼/塔板结合|0.65至5.6元/平米/月|北京首欣物业管理有限责任公司|北京首钢房地产开发有限公司|28栋|2382户|48632|2018-11-03 15:40:35.901292
1111027375956|八角中里|https://bj.lianjia.com/xiaoqu/1111027375956/|石景山|八角|近地铁1号线八角游乐园站|10|4|1985年建成|塔楼/板楼|0.55至1.95元/平米/月|北京房修一物业管理有限公司|北京市石景山区城市建设开发公司|33栋|2445户|50901|2018-11-03 15:40:35.901381
1111027378716|苹果园小区三区|https://bj.lianjia.com/xiaoqu/1111027378716/|石景山|苹果园|近地铁1号线苹果园站|12|1|1994年建成|塔楼/板楼|0.65至1.75元/平米/月|北京首欣物业管理有限责任公司|北京首钢房地产开发有限公司|24栋|2576户|46977|2018-11-03 15:41:03.608725
1111027377091|金顶阳光|https://bj.lianjia.com/xiaoqu/1111027377091/|石景山|苹果园|近地铁S1线金安桥站|28|2|2008年建成|塔楼/板楼|1.8元/平米/月|北京首欣物业管理有限责任公司|北京首钢房地产开发有限公司|29栋|4391户|48570|2018-11-03 15:41:03.608911
1111027377481|聚兴园|https://bj.lianjia.com/xiaoqu/1111027377481/|石景山|鲁谷||13|2|2005年建成|板楼/塔板结合|1.88元/平米/月|北京金鹏顺发物业管理有限公司|北京市兴华房地产开发公司|6栋|1002户|59549|2018-11-03 15:41:03.609014
1111027382274|杨庄小区|https://bj.lianjia.com/xiaoqu/1111027382274/|石景山|杨庄||18|4|1979年建成|塔楼/板楼/塔板结合|0.55至1.55元/平米/月|北京首欣物业管理有限责任公司|北京首钢房地产开发有限公司|23栋|2144户|48335|2018-11-03 15:41:03.609108
1111027375920|八角南路|https://bj.lianjia.com/xiaoqu/1111027375920/|石景山|八角|近地铁1号线古城站|16|1|1960年建成|塔楼/板楼|0.8元/平米/月|无物业管理服务|北京首钢房地产开发有限公司|28栋|2057户|50564|2018-11-03 15:41:03.609207
1111027378715|苹果园小区二区|https://bj.lianjia.com/xiaoqu/1111027378715/|石景山|苹果园|近地铁1号线苹果园站|10|3|1994年建成|塔楼|1.75元/平米/月|北京首欣物业管理有限责任公司|北京首钢房地产开发有限公司|16栋|1792户|45893|2018-11-03 15:41:03.609435
1111027382723|重兴园|https://bj.lianjia.com/xiaoqu/1111027382723/|石景山|鲁谷||13|3|2002年建成|塔楼/板楼|0.6至1.75元/平米/月|北京重德物业管理有限责任公司|北京重厦房地产开发有限公司|10栋|1455户|49248|2018-11-03 15:41:03.609535
1111027380649|西成忆树|https://bj.lianjia.com/xiaoqu/1111027380649/|石景山|杨庄||6|1|2005年建成|塔板结合|1.98元/平米/月|北京市华兴物业管理中心|北京市兴华房地产开发公司|2栋|548户|51696|2018-11-03 15:41:03.609651
1111027382279|杨庄中区|https://bj.lianjia.com/xiaoqu/1111027382279/|石景山|杨庄||14|2|1995年建成|塔楼/板楼|0.59至1.78元/平米/月|北京市华兴物业管理中心|北京市兴华房地产开发公司|12栋|1476户|46231|2018-11-03 15:41:03.609749
1111027379379|双锦园|https://bj.lianjia.com/xiaoqu/1111027379379/|石景山|鲁谷||11|0|2000年建成|塔板结合|1.7元/平米/月|北京万合物业管理有限公司|北京市石景山区城市建设开发公司|2栋|615户|47686|2018-11-03 15:41:03.609855
1111027378400|模式口南里|https://bj.lianjia.com/xiaoqu/1111027378400/|石景山|苹果园|近地铁S1线金安桥站|6|3|1986年建成|塔楼/板楼/塔板结合/平房|0.64至1.75元/平米/月|北京首钢物业管理有限公司|北京首钢房地产开发有限公司|29栋|2312户|45370|2018-11-03 15:41:03.609953
1111027376403|翠谷玉景|https://bj.lianjia.com/xiaoqu/1111027376403/|石景山|玉泉路||13|1|2002年建成|板楼|0.71元/平米/月|建工集团物业公司|北京建工集团有限责任公司|12栋|1074户|54140|2018-11-03 15:41:03.610047
1111027374518|古城路小区|https://bj.lianjia.com/xiaoqu/1111027374518/|石景山|古城|近地铁1号线古城站|11|4|1958年建成|塔楼/板楼|0.75至1.3元/平米/月|首钢物业|北京首钢房地产开发有限公司|53栋|2652户|44084|2018-11-03 15:41:03.610141
1111027376305|北重西厂|https://bj.lianjia.com/xiaoqu/1111027376305/|石景山|鲁谷||15|5|1989年建成|板楼/平房|0.7元/平米/月|北京重德物业管理有限责任公司|北京重厦房地产开发有限公司|17栋|1307户|47242|2018-11-03 15:41:03.610276
1111027381972|玉泉新城|https://bj.lianjia.com/xiaoqu/1111027381972/|石景山|玉泉路|近地铁1号线八宝山站|8|1|2005年建成|塔楼/板楼/塔板结合|2.38至2.52元/平米/月|乐生活(北京)智慧社区投资发展有限责任公司|北京玉泉新城房地产开发有限公司|28栋|3356户|72677|2018-11-03 15:41:03.610376
1111027377105|金福苑|https://bj.lianjia.com/xiaoqu/1111027377105/|石景山|苹果园||8|3|1995年建成|板楼|0.76至0.8元/平米/月|北京金隅大成物业管理有限公司|北京金隅嘉业房地产开发公司|9栋|1008户|45233|2018-11-03 15:41:03.610470
1111027381123|西山枫林三期|https://bj.lianjia.com/xiaoqu/1111027381123/|石景山|苹果园||6|1|2006年建成|板楼|1.34至2.7元/平米/月|北京和泓物业服务有限公司|北京东和伟业房地产开发有限公司|9栋|1512户|48482|2018-11-03 15:41:03.610623
1111027378277|茂华景公阁|https://bj.lianjia.com/xiaoqu/1111027378277/|石景山|杨庄|近地铁1号线苹果园站|4|0|2007年建成|板楼|2.56元/平米/月|北京茂华物业管理有限公司|茂华控股集团有限公司|9栋|583户|65252|2018-11-03 15:41:03.610720
1111027382704|重兴嘉园|https://bj.lianjia.com/xiaoqu/1111027382704/|石景山|鲁谷||7|6|2005年建成|塔楼/板楼|1.66元/平米/月|北京重德物业管理有限责任公司|北京重厦房地产开发有限公司|6栋|924户|47419|2018-11-03 15:41:03.610990
1111027377828|鲁谷村|https://bj.lianjia.com/xiaoqu/1111027377828/|石景山|鲁谷|近地铁1号线八宝山站|11|0|1995年建成|板楼|0.9元/平米/月|北京芳星园物业管理中心|北京城建集团有限责任公司|11栋|861户|54695|2018-11-03 15:41:03.611087
1111027378398|模式口东里|https://bj.lianjia.com/xiaoqu/1111027378398/|石景山|苹果园||9|1|1990年建成|塔楼/板楼|0.76至1.86元/平米/月|北京首钢物业管理有限公司|北京首钢房地产开发有限公司|43栋|1440户|42434|2018-11-03 15:41:03.611183
1111027380874|西黄新村北里|https://bj.lianjia.com/xiaoqu/1111027380874/|石景山|苹果园||9|2|1998年建成|塔楼/板楼/塔板结合|0.6至0.9元/平米/月|乐生活(北京)智慧社区投资发展有限责任公司|北京城建集团|12栋|1521户|46016|2018-11-03 15:41:03.611278
1111027377065|金顶街四区|https://bj.lianjia.com/xiaoqu/1111027377065/|石景山|苹果园|近地铁1号线苹果园站|7|2|1980年建成|塔楼/板楼|0.6至1.75元/平米/月|北京首欣物业管理有限责任公司|北京首钢房地产开发有限公司|16栋|1593户|46919|2018-11-03 15:41:03.611370
1111027377826|鲁谷74号院|https://bj.lianjia.com/xiaoqu/1111027377826/|石景山|鲁谷|近地铁1号线八宝山站|10|5|1963年建成|塔楼/板楼|0.5至1.2元/平米/月|北京瑞达物业管理中心|北京瑞达世纪房地产开发有限公司|28栋|2699户|54640|2018-11-03 15:41:03.611465
1111027374503|古城北路|https://bj.lianjia.com/xiaoqu/1111027374503/|石景山|古城|近地铁1号线古城站|9|0|1976年建成|板楼|0.55至1.2元/平米/月|北京圣德物业管理有限责任公司|北京首钢房地产开发有限公司|27栋|1758户|46706|2018-11-03 15:41:03.611560
1111027378276|茂华景公馆|https://bj.lianjia.com/xiaoqu/1111027378276/|石景山|杨庄|近地铁1号线苹果园站|5|1|2007年建成|板楼|2.86元/平米/月|北京茂华物业管理有限公司|茂华控股集团有限公司|29栋|387户|69100|2018-11-03 15:41:03.611653
1111027375178|黄南苑|https://bj.lianjia.com/xiaoqu/1111027375178/|石景山|杨庄||2|3|2000年建成|塔楼/板楼|1.75元/平米/月|首钢物业|北京首钢房地产开发有限公司|6栋|1496户|49886|2018-11-03 15:41:03.611746
1111027377067|金顶街五区|https://bj.lianjia.com/xiaoqu/1111027377067/|石景山|苹果园|近地铁S1线金安桥站|9|0|2003年建成|塔楼|1.75元/平米/月|北京首欣物业管理有限责任公司|北京首钢房地产开发有限公司|10栋|2112户|48099|2018-11-03 15:41:03.611849
1111027374520|古城南里|https://bj.lianjia.com/xiaoqu/1111027374520/|石景山|古城|近地铁1号线古城站|8|0|1983年建成|塔楼/板楼|1.76元/平米/月|房管所代管物业|北京首钢房地产开发有限公司|7栋|1284户|50290|2018-11-03 15:41:03.611942
1111027378278|茂华景公院|https://bj.lianjia.com/xiaoqu/1111027378278/|石景山|杨庄||7|0|2009年建成|塔板结合|2.28至2.96元/平米/月|北京茂华物业管理有限公司|茂华控股集团有限公司|13栋|277户|64336|2018-11-03 15:41:03.612035
1111027376008|保利西山林语|https://bj.lianjia.com/xiaoqu/1111027376008/|海淀|海淀北部新区||85|15|2008年建成|板楼/塔板结合|2.58至3.88元/平米/月|保利物业管理(北京)有限公司|保利（北京）房地产开发有限公司|58栋|3488户|59412|2018-11-03 15:42:22.153329
1111027380722|橡树湾|https://bj.lianjia.com/xiaoqu/1111027380722/|海淀|清河||59|11|2007年建成|塔楼/板楼/塔板结合|2.5至10.8元/平米/月|华润置地(北京)物业管理有限责任公司|华润置地|31栋|4550户|88501|2018-11-03 15:42:22.153502
1111027377061|今典花园|https://bj.lianjia.com/xiaoqu/1111027377061/|海淀|小西天||42|9|1998年建成|塔楼|2.09至2.95元/平米/月|北京今日今典物业管理有限责任公司|北京安地房地产开发有限责任公司|9栋|2411户|90789|2018-11-03 15:42:22.153619
1111027381533|逸成东苑|https://bj.lianjia.com/xiaoqu/1111027381533/|海淀|学院路||32|11|2003年建成|塔楼/板楼|2.15至2.474元/平米/月|北京太月物业管理有限责任公司|北京泰跃房地产开发有限责任公司|21栋|2738户|81487|2018-11-03 15:42:22.153869
1111027382073|永泰东里|https://bj.lianjia.com/xiaoqu/1111027382073/|海淀|清河|近地铁8号线永泰庄站|28|7|1994年建成|板楼|0.8元/平米/月|北京房修一物业管理有限公司|北京首开天鸿集团有限公司|47栋|4652户|66852|2018-11-03 15:42:22.154009
1111027378224|莱圳家园|https://bj.lianjia.com/xiaoqu/1111027378224/|海淀|清河|近地铁8号线西小口站|15|8|2006年建成|板楼|1.9元/平米/月|北京怡兴物业管理有限责任公司|北京海欣方舟房地产开发有限公司|16栋|2281户|76254|2018-11-03 15:42:22.154107
1111027376795|当代城市家园|https://bj.lianjia.com/xiaoqu/1111027376795/|海淀|上地||20|17|2001年建成|板楼/塔板结合|0.95至1.9元/平米/月|北京高之苑物业管理有限公司|北京当代城市房地产开发有限公司|25栋|2155户|80510|2018-11-03 15:42:22.154202
1111027376013|八里庄北里|https://bj.lianjia.com/xiaoqu/1111027376013/|海淀|定慧寺|近地铁6号线慈寿寺站|23|7|1989年建成|塔楼/板楼/塔板结合|1至2.5元/平米/月|北京华丽楼宇物业管理有限责任公司|北京城建三房地产开发有限公司|42栋|3285户|82642|2018-11-03 15:42:22.154296
1111027380525|五月华庭|https://bj.lianjia.com/xiaoqu/1111027380525/|海淀|新街口|近地铁2号线积水潭站|29|5|2001年建成|塔板结合/平房|2.8至5元/平米/月|中实杰肯道夫物业管理有限公司|北京都鹏地产开发有限公司|3栋|949户|83148|2018-11-03 15:42:22.154387
1111046754872|世华龙樾|https://bj.lianjia.com/xiaoqu/1111046754872/|海淀|清河|近地铁8号线西小口站|16|0|2013年建成|板楼/塔板结合|2.33至3.49元/平米/月|北京城建福安楼寓物业管理有限公司|北京城建兴华地产有限公司|16栋|2568户|95795|2018-11-03 15:42:22.154479
1111027382146|育新花园|https://bj.lianjia.com/xiaoqu/1111027382146/|海淀|西三旗|近地铁8号线育新站|35|17|1993年建成|塔楼/板楼|0.98至1.78元/平米/月|北京育新物业管理有限公司|北京高校房地产开发总公司|55栋|5057户|79206|2018-11-03 15:42:22.154572
1111027376090|宝盛里|https://bj.lianjia.com/xiaoqu/1111027376090/|海淀|清河||32|5|1996年建成|板楼/塔板结合|0.54至0.87元/平米/月|北京天鸿宝地物业管理经营有限公司|北京宝晟住房股份有限公司|28栋|3049户|64868|2018-11-03 15:42:22.154663
1111027382106|永泰园|https://bj.lianjia.com/xiaoqu/1111027382106/|海淀|清河|近地铁8号线永泰庄站|36|5|1980年建成|塔楼/板楼|0.56至1.65元/平米/月|北京佳美物业管理有限责任公司|北京市泰华房地产开发集团有限公司|25栋|3475户|62684|2018-11-03 15:42:22.154756
1111046342806|上地东里|https://bj.lianjia.com/xiaoqu/1111046342806/|海淀|上地|近地铁13号线上地站|40|10|1993年建成|塔楼/板楼/塔板结合/平房|0.8元/平米/月|北京实创上地物业管理服务有限责任公司|北京实创房地产开发公司|57栋|3190户|116139|2018-11-03 15:42:22.154861
1111027381078|小南庄社区|https://bj.lianjia.com/xiaoqu/1111027381078/|海淀|苏州桥|近地铁10号线苏州街站|46|12|1980年建成|塔楼/板楼/塔板结合|0.66至2.95元/平米/月|北京国广物业管理有限公司|北京城建三建设集团有限公司|37栋|4322户|94006|2018-11-03 15:42:22.154955
1111027382721|智学苑|https://bj.lianjia.com/xiaoqu/1111027382721/|海淀|西二旗|近地铁13号线西二旗站|27|4|1999年建成|塔楼/板楼|0.6至1.5元/平米/月|北京东居物业管理有限公司|北京市安达房地产开发公司|16栋|2315户|52601|2018-11-03 15:42:22.155047
1111027374488|观澳园|https://bj.lianjia.com/xiaoqu/1111027374488/|海淀|清河|近地铁8号线林萃桥站|18|5|2005年建成|板楼|1至2元/平米/月|北京天鸿宝地物业管理经营有限公司|北京天鸿房地产开发有限责任公司|12栋|1007户|71901|2018-11-03 15:42:22.155231
1111027380129|塔院小区|https://bj.lianjia.com/xiaoqu/1111027380129/|海淀|牡丹园|近地铁10号线牡丹园站|18|5|1984年建成|塔楼/板楼/塔板结合|0.58至2.07元/平米/月|北京亿方物业管理有限责任公司|北京城建集团有限责任公司|40栋|3805户|88729|2018-11-03 15:42:22.155325
1111027381709|颐慧佳园|https://bj.lianjia.com/xiaoqu/1111027381709/|海淀|四季青|近地铁6号线慈寿寺站|20|2|2004年建成|板楼/塔板结合|2.35至2.36元/平米/月|山东宾至嘉宁物业有限公司|北京泽丰房地产开发有限公司|22栋|1540户|92135|2018-11-03 15:42:22.155414
1111027375225|华清嘉园|https://bj.lianjia.com/xiaoqu/1111027375225/|海淀|五道口|近地铁13号线五道口站|43|7|1994年建成|塔楼/板楼/塔板结合|1.98至2.28元/平米/月|华润置地(北京)物业管理有限责任公司|华润置地(北京)股份有限公司|19栋|2330户|110954|2018-11-03 15:42:22.155503
1111027376911|定慧福里|https://bj.lianjia.com/xiaoqu/1111027376911/|海淀|定慧寺|近地铁6号线海淀五路居站|11|5|2009年建成|塔楼/塔板结合|1.5至2.98元/平米/月|北京正源和美物业服务有限公司|北京京华都房地产开发有限公司|5栋|2127户|72035|2018-11-03 15:42:22.155596
1111027378951|清缘东里|https://bj.lianjia.com/xiaoqu/1111027378951/|海淀|清河|近地铁8号线永泰庄站|14|3|2003年建成|塔楼/板楼|0.65至1.65元/平米/月|第一物业（北京）股份有限公司|北京旭洲房地产开发有限责任公司|9栋|1516户|65450|2018-11-03 15:42:22.155686
1111027376363|车道沟南里|https://bj.lianjia.com/xiaoqu/1111027376363/|海淀|紫竹桥|近地铁10号线车道沟站|10|1|1984年建成|塔楼/板楼|0.82至1.8元/平米/月|北京房地产集团有限公司第一物业管理分公司|北京城建集团有限责任公司|32栋|2984户|85736|2018-11-03 15:42:22.155785
1111027376153|百旺茉莉园|https://bj.lianjia.com/xiaoqu/1111027376153/|海淀|西北旺|近地铁16号线西北旺站|35|5|2005年建成|板楼/塔板结合|1.58至4元/平米/月|北京德成永信物业管理有限公司|北京德成兴业房地产开发有限公司|58栋|2132户|77800|2018-11-03 15:42:22.155877
1111027382191|远洋风景|https://bj.lianjia.com/xiaoqu/1111027382191/|海淀|西直门|近地铁2号线西直门站|17|1|2002年建成|板楼/塔板结合|3.2元/平米/月|北京远洋基业物业管理有限公司|北京天麒伟业房地产开发有限公司|9栋|694户|105349|2018-11-03 15:42:22.155968
1111027382103|永泰西里|https://bj.lianjia.com/xiaoqu/1111027382103/|海淀|清河|近地铁8号线永泰庄站|16|4|1992年建成|板楼|0.5至0.65元/平米/月|北京天鸿宝地物业管理经营有限公司|北京天鸿房地产开发有限责任公司|25栋|2582户|70051|2018-11-03 15:42:22.156060
1111027379460|上林溪|https://bj.lianjia.com/xiaoqu/1111027379460/|海淀|安宁庄||19|5|2010年建成|塔楼/板楼|2元/平米/月|北京鼎春德物业管理有限公司|北京上地房地产开发有限责任公司|25栋|2082户|77393|2018-11-03 15:42:22.156152
1111027378913|清上园|https://bj.lianjia.com/xiaoqu/1111027378913/|海淀|安宁庄||12|5|2003年建成|板楼/塔板结合|0.89至2元/平米/月|北京天恒瑞海物业管理有限责任公司|北京天恒房地产股份有限公司|10栋|1719户|64700|2018-11-03 15:42:22.156247
1111027374292|富力桃园C区|https://bj.lianjia.com/xiaoqu/1111027374292/|海淀|西三旗|近地铁5号线天通苑南站|25|7|2008年建成|板楼/塔板结合|2.2至18元/平米/月|北京恒富物业管理有限公司|富力（北京）地产开发有限公司|12栋|1696户|62234|2018-11-03 15:42:22.156336
1111027381904|怡美家园|https://bj.lianjia.com/xiaoqu/1111027381904/|海淀|上地||25|0|2001年建成|塔楼/板楼|1.98元/平米/月|北京城建物业管理有限责任公司|宏大兴业房地产开发有限公司|20栋|1399户|68841|2018-11-03 15:42:22.158308
1111027377332|建设部大院|https://bj.lianjia.com/xiaoqu/1111027377332/|海淀|甘家口|近地铁6号线白石桥南站|12|8|1959年建成|塔楼/板楼/塔板结合|1.5至2.6元/平米/月|北京万科物业管理有限公司|无开发商|36栋|3521户|106072|2018-11-03 15:42:50.596035
1111027373705|大河庄苑|https://bj.lianjia.com/xiaoqu/1111027373705/|海淀|苏州桥|近地铁10号线苏州街站|11|8|2003年建成|塔楼/板楼/塔板结合|1.1至2.8元/平米/月|北京中科天伦物业管理有限责任公司|大河房地产开发有限公司|8栋|1303户|99693|2018-11-03 15:42:50.596219
1111027382307|知本时代|https://bj.lianjia.com/xiaoqu/1111027382307/|海淀|西三旗|近地铁8号线霍营站|10|5|2002年建成|板楼/塔板结合|1.5至2元/平米/月|北京宁远物业管理有限公司|北京新奥广厦房地产开发有限公司|10栋|1320户|68199|2018-11-03 15:42:50.596325
1111027380476|曙光花园|https://bj.lianjia.com/xiaoqu/1111027380476/|海淀|四季青|近地铁10号线车道沟站|16|5|1997年建成|塔楼/塔板结合|1.71至2.32元/平米/月|深圳市之平物业发展有限公司北京分公司|北京首开天鸿集团有限公司|11栋|1368户|81868|2018-11-03 15:42:50.596424
1111027380126|太阳园|https://bj.lianjia.com/xiaoqu/1111027380126/|海淀|知春路|近地铁10号线知春路站|35|7|2000年建成|塔楼|1.42至5元/平米/月|北京太月物业管理有限责任公司|北京泰跃房地产开发有限责任公司|17栋|2858户|101995|2018-11-03 15:42:50.596532
1111027382464|中海枫涟山庄|https://bj.lianjia.com/xiaoqu/1111027382464/|海淀|西北旺|近地铁16号线西北旺站|22|1|2003年建成|板楼|2.3至2.8元/平米/月|北京中海物业管理有限公司|北京中海房地产开发公司|25栋|1249户|85123|2018-11-03 15:42:50.596632
1111027376165|冠城大通百旺府|https://bj.lianjia.com/xiaoqu/1111027376165/|海淀|海淀北部新区||42|8|1999年建成|板楼|2.1至3.88元/平米/月|北京长城物业管理有限公司|北京德成兴业房地产开发有限公司|92栋|2993户|67498|2018-11-03 15:42:50.599748
1111027377818|乐府江南|https://bj.lianjia.com/xiaoqu/1111027377818/|海淀|田村||16|4|2003年建成|板楼|2.12元/平米/月|北京长城物业管理有限公司|北京天平地开发经营有限公司|13栋|1631户|82374|2018-11-03 15:42:50.600026
1111027374646|观林园|https://bj.lianjia.com/xiaoqu/1111027374646/|海淀|清河||9|2|2008年建成|板楼|2.17至2.48元/平米/月|北京天鸿宝地物业管理经营有限公司|北京宝晟住房股份有限公司|32栋|1650户|74302|2018-11-03 15:42:50.600132
1111027374103|恩济里小区|https://bj.lianjia.com/xiaoqu/1111027374103/|海淀|定慧寺|近地铁6号线慈寿寺站|13|1|1989年建成|板楼/塔板结合|0.85元/平米/月|北京北宇物业管理公司|无开发商|23栋|1957户|81579|2018-11-03 15:42:50.600237
1111027373798|东南小区|https://bj.lianjia.com/xiaoqu/1111027373798/|海淀|中关村|近地铁4号线海淀黄庄站|50|3|1980年建成|塔楼/板楼/塔板结合|1.77至2.17元/平米/月|北京科住物业管理有限公司|中国科学院房产管理所|48栋|3739户|121486|2018-11-03 15:42:50.600329
1111027378318|铭科苑|https://bj.lianjia.com/xiaoqu/1111027378318/|海淀|西二旗|近地铁13号线西二旗站|24|3|1996年建成|塔楼/板楼|0.71至1.22元/平米/月|北京东居物业管理有限公司|北京市安达房地产开发公司|14栋|2136户|58094|2018-11-03 15:42:50.600429
1111027381142|西山华府|https://bj.lianjia.com/xiaoqu/1111027381142/|海淀|马连洼|近地铁13号线西二旗站|31|3|2008年建成|板楼|2.8至7.6元/平米/月|北京亿城物业管理有限公司|北京亿城山水房地产开发有限公司|48栋|1699户|90041|2018-11-03 15:42:50.600524
1111046327215|领秀新硅谷1号院|https://bj.lianjia.com/xiaoqu/1111046327215/|海淀|西二旗|近地铁13号线西二旗站|14|4|2010年建成|板楼|2.8至4.2元/平米/月|北京金地物业管理有限责任公司|北京科技园置地有限公司|63栋|1342户|75013|2018-11-03 15:42:50.600611
1111027378796|清枫华景园|https://bj.lianjia.com/xiaoqu/1111027378796/|海淀|学院路||14|2|2004年建成|塔楼/板楼|2.4元/平米/月|北京华清物业管理有限责任公司|北京华清投资有限公司|5栋|1160户|83762|2018-11-03 15:42:50.600705
1111027373995|稻香园|https://bj.lianjia.com/xiaoqu/1111027373995/|海淀|苏州桥|近地铁10号线苏州街站|16|7|1980年建成|塔楼/板楼/塔板结合|1.3元/平米/月|北京精品亿方物业管理有限公司|无开发商|24栋|2293户|99723|2018-11-03 15:42:50.600801
1111027373697|定慧西里|https://bj.lianjia.com/xiaoqu/1111027373697/|海淀|定慧寺||15|3|1989年建成|塔楼/板楼/塔板结合|0.64至1.82元/平米/月|北京房修一物业管理有限公司|北京天鸿房地产开发有限责任公司|28栋|2955户|72819|2018-11-03 15:42:50.600891
1111027379682|双榆树东里|https://bj.lianjia.com/xiaoqu/1111027379682/|海淀|双榆树|近地铁4号线人民大学站|18|5|1980年建成|塔楼/板楼/塔板结合|暂无信息|无物业管理服务|无开发商|29栋|2921户|95322|2018-11-03 15:42:50.600986
1111027378253|牡丹园东里|https://bj.lianjia.com/xiaoqu/1111027378253/|海淀|牡丹园|近地铁10号线健德门站|14|6|1989年建成|塔楼/板楼/塔板结合|0.68至2.4元/平米/月|北京市海淀区志新物业管理公司|北京城建集团有限责任公司|17栋|1725户|98531|2018-11-03 15:42:50.601096
1111027380127|太月园|https://bj.lianjia.com/xiaoqu/1111027380127/|海淀|知春路|近地铁10号线西土城站|31|1|1998年建成|塔楼/板楼|2.48元/平米/月|北京太月物业管理有限责任公司|北京泰跃房地产开发有限责任公司|11栋|2100户|86131|2018-11-03 15:42:50.601198
1111027376447|城华园|https://bj.lianjia.com/xiaoqu/1111027376447/|海淀|学院路|近地铁15号线六道口站|35|4|1996年建成|塔楼/板楼/塔板结合|0.7至1.86元/平米/月|北京鹏翔物业管理有限公司|北京城建集团|8栋|1680户|76311|2018-11-03 15:42:50.601419
1111027378963|清缘里中区|https://bj.lianjia.com/xiaoqu/1111027378963/|海淀|清河|近地铁13号线上地站|19|2|1998年建成|板楼/塔板结合|1.07至1.26元/平米/月|北京嘉瑞物业管理有限公司|北京恒泰房地产开发有限公司|11栋|2431户|57597|2018-11-03 15:42:50.601528
1111027382707|中鑫嘉园|https://bj.lianjia.com/xiaoqu/1111027382707/|海淀|牡丹园|近地铁10号线健德门站|9|5|2001年建成|塔楼|1.98至2.5元/平米/月|北京城建燕远物业管理有限责任公司|北京中鑫源房地产开发集团有限公司|3栋|1119户|78094|2018-11-03 15:42:50.601647
1111027380422|万泉新新家园|https://bj.lianjia.com/xiaoqu/1111027380422/|海淀|万柳|近地铁10号线巴沟站|25|0|1999年建成|板楼|3元/平米/月|北京万通物业管理有限公司|北京万泉花园物业开发有限公司|29栋|1318户|134136|2018-11-03 15:42:50.601746
1111027382466|中海馥园|https://bj.lianjia.com/xiaoqu/1111027382466/|海淀|甘家口|近地铁6号线白石桥南站|7|4|2003年建成|塔板结合|3.25元/平米/月|北京中海物业管理有限公司|北京中海地产有限公司|4栋|932户|100459|2018-11-03 15:42:50.601856
1111027377326|今日家园|https://bj.lianjia.com/xiaoqu/1111027377326/|海淀|五棵松|近地铁1号线五棵松站|17|2|1999年建成|塔楼/板楼/塔板结合|1.08元/平米/月|北京今日今典物业管理有限责任公司|北京安地房地产开发有限责任公司|18栋|3064户|67179|2018-11-03 15:42:50.601949
1111027376907|定慧东里|https://bj.lianjia.com/xiaoqu/1111027376907/|海淀|定慧寺|近地铁10号线西钓鱼台站|9|6|1987年建成|塔楼/板楼/塔板结合/平房|0.64至2.7元/平米/月|北京房修一物业管理有限公司|北京首开天鸿集团有限公司|28栋|2541户|74506|2018-11-03 15:42:50.602038
1111027375276|华盛家园|https://bj.lianjia.com/xiaoqu/1111027375276/|海淀|牡丹园|近地铁10号线牡丹园站|6|1|2000年建成|塔楼/板楼|2.16元/平米/月|北京华盛家园物业管理有限公司|北京华盛房地产开发有限公司|5栋|882户|81909|2018-11-03 15:42:50.602128
1111027378146|龙翔路小区|https://bj.lianjia.com/xiaoqu/1111027378146/|海淀|牡丹园|近地铁10号线健德门站|27|3|1990年建成|塔楼/板楼/平房|0.5至2.58元/平米/月|北京万厦物业管理有限公司|北京城建集团|20栋|2040户|84204|2018-11-03 15:42:50.602232
1111027380996|新康园|https://bj.lianjia.com/xiaoqu/1111027380996/|海淀|西三旗|近地铁8号线育新站|30|8|1997年建成|塔楼/板楼|1.5至2.1元/平米/月|乐生活(北京)智慧社区投资发展有限责任公司|北京恒泰房地产开发有限公司|11栋|2292户|51469|2018-11-03 15:42:50.602331
1111027374116|二里庄小区|https://bj.lianjia.com/xiaoqu/1111027374116/|海淀|二里庄|近地铁15号线北沙滩站|20|4|1990年建成|塔楼/板楼|0.5至2.3元/平米/月|北京市海淀区志新物业管理公司|北京城建集团有限责任公司|33栋|2970户|91447|2018-11-03 15:43:18.355245
1111027374615|观景园|https://bj.lianjia.com/xiaoqu/1111027374615/|海淀|清河||12|6|2007年建成|板楼|2.17至2.47元/平米/月|北京金泰物业管理有限公司|北京宝晟住房股份有限公司|20栋|1452户|68593|2018-11-03 15:43:18.355416
1111027382487|紫金长安|https://bj.lianjia.com/xiaoqu/1111027382487/|海淀|五棵松|近地铁1号线五棵松站|15|3|2004年建成|板楼/塔板结合|2.6元/平米/月|北京银达物业管理有限公司|北京澳林房地产开发有限公司|18栋|2351户|114621|2018-11-03 15:43:18.355518
1111027377162|金晖嘉园|https://bj.lianjia.com/xiaoqu/1111027377162/|海淀|西直门|近地铁2号线西直门站|10|3|1998年建成|塔楼/塔板结合|3.2元/平米/月|北京麦斯顿物业管理有限公司|北京新美房地产开发有限公司|6栋|957户|106868|2018-11-03 15:43:18.355738
1111027374608|甘家口小区|https://bj.lianjia.com/xiaoqu/1111027374608/|海淀|甘家口|近地铁9号线白堆子站|11|5|1960年建成|塔楼/板楼/塔板结合|0.5至1.75元/平米/月|北京羲和物业管理中心|北京市威凯房地产开发经营公司|27栋|3160户|87932|2018-11-03 15:43:18.355849
1111027377789|兰德华庭|https://bj.lianjia.com/xiaoqu/1111027377789/|海淀|田村||19|5|2003年建成|塔楼/板楼/塔板结合|2.1元/平米/月|北京众邦安泰物业管理有限公司|北京罗兰德房地产开发有限公司|10栋|1402户|71274|2018-11-03 15:43:18.355945
1111027381832|月季园|https://bj.lianjia.com/xiaoqu/1111027381832/|海淀|马甸|近地铁10号线牡丹园站|23|7|1993年建成|塔楼/板楼/塔板结合|1.5至2.8元/平米/月|北京务实物业管理中心|北京冠海房地产有限公司|12栋|2353户|85737|2018-11-03 15:43:18.356036
1111027378966|强佑清河新城|https://bj.lianjia.com/xiaoqu/1111027378966/|海淀|清河||18|6|2007年建成|塔楼/板楼/塔板结合|2.3至4.6元/平米/月|北京强佑物业管理有限公司|北京强佑房地产开发有限公司|11栋|6287户|67053|2018-11-03 15:43:18.356129
1111027379026|人济山庄|https://bj.lianjia.com/xiaoqu/1111027379026/|海淀|紫竹桥||11|6|2001年建成|塔楼|1.8至2.8元/平米/月|北京普瑞物业管理有限公司|北京人济房地产开发有限责任公司|9栋|1366户|101692|2018-11-03 15:43:18.356222
1111027381601|远大园五区|https://bj.lianjia.com/xiaoqu/1111027381601/|海淀|世纪城|近地铁10号线长春桥站|17|2|2001年建成|塔楼/板楼|2.52至5元/平米/月|北京世纪颐和物业管理有限责任公司|北京金源鸿大房地产开发有限公司|14栋|1928户|96777|2018-11-03 15:43:18.356316
1111027382572|紫金庄园|https://bj.lianjia.com/xiaoqu/1111027382572/|海淀|苏州桥|近地铁10号线苏州街站|26|3|1997年建成|塔楼|1.13至2.8元/平米/月|北京紫金物业管理有限公司|北京博雅苑置业有限公司|7栋|1594户|78632|2018-11-03 15:43:18.356408
1111027376278|北影小区|https://bj.lianjia.com/xiaoqu/1111027376278/|海淀|北太平庄|近地铁10号线西土城站|20|3|1980年建成|塔楼/板楼/塔板结合|0.85至1.85元/平米/月|北京中影星光物业管理有限公司|北京观远房地产开发公司|25栋|2521户|85770|2018-11-03 15:43:18.356499
1111027382321|知春里|https://bj.lianjia.com/xiaoqu/1111027382321/|海淀|双榆树|近地铁4号线人民大学站|9|7|1980年建成|塔楼/板楼|0.8元/平米/月|北京亿方物业管理有限责任公司|北京市房屋管理局|27栋|3031户|100975|2018-11-03 15:43:18.356592
1111027382482|中海雅园|https://bj.lianjia.com/xiaoqu/1111027382482/|海淀|紫竹桥|近地铁6号线慈寿寺站|22|2|1999年建成|塔楼/塔板结合|3元/平米/月|中海物业管理公司|北京中海地产有限公司|17栋|1132户|90856|2018-11-03 15:43:18.356683
1111027377356|金尚嘉园|https://bj.lianjia.com/xiaoqu/1111027377356/|海淀|牡丹园|近地铁10号线牡丹园站|4|4|2007年建成|板楼/塔板结合|2.97元/平米/月|五矿物业管理有限公司|五矿房地产有限公司|4栋|919户|104346|2018-11-03 15:43:18.356780
1111027376439|长河湾|https://bj.lianjia.com/xiaoqu/1111027376439/|海淀|西直门|近地铁2号线西直门站|12|7|2005年建成|板楼/塔板结合|2.65至3.98元/平米/月|北京中坤玉合物业管理有限公司|北京中坤锦绣房地产开发有限公司|20栋|1882户|109487|2018-11-03 15:43:18.356877
1111027378170|兰园|https://bj.lianjia.com/xiaoqu/1111027378170/|海淀|马连洼|近地铁16号线马连洼站|20|6|1994年建成|板楼|0.9元/平米/月|北京安居物业管理有限公司|北京海开房地产股份有限公司|25栋|1705户|61982|2018-11-03 15:43:18.357057
1111027377070|交大嘉园|https://bj.lianjia.com/xiaoqu/1111027377070/|海淀|西直门||11|4|2002年建成|塔楼/平房|2.33元/平米/月|北京东和田园物业管理公司|北京东和嘉业房地产开发有限公司|6栋|1333户|98849|2018-11-03 15:43:18.357152
1111027382609|志强北园|https://bj.lianjia.com/xiaoqu/1111027382609/|海淀|小西天|近地铁2号线积水潭站|22|7|1979年建成|板楼|1元/平米/月|北京华润置地物业管理有限公司|华润置地|29栋|1792户|81491|2018-11-03 15:43:18.357242
1111046327190|领秀新硅谷2号院|https://bj.lianjia.com/xiaoqu/1111046327190/|海淀|西二旗|近地铁13号线西二旗站|19|6|2008年建成|板楼|2.8至4.2元/平米/月|北京金地物业管理有限责任公司|北京科技园置地有限公司|85栋|1217户|74952|2018-11-03 15:43:18.357333
1111027374320|芳清园|https://bj.lianjia.com/xiaoqu/1111027374320/|海淀|清河|近地铁8号线林萃桥站|9|3|2007年建成|板楼|1.99元/平米/月|北京世纪鑫豪物业管理有限公司|北京宝晟住房股份有限公司|11栋|876户|72760|2018-11-03 15:43:18.357425
1111027376051|宝盛北里|https://bj.lianjia.com/xiaoqu/1111027376051/|海淀|清河||14|1|2002年建成|板楼|0.8元/平米/月|北京万佳鑫物业管理有限责任公司|北京宝晟住房股份有限公司|25栋|1833户|60775|2018-11-03 15:43:18.357518
1111027378541|农科院|https://bj.lianjia.com/xiaoqu/1111027378541/|海淀|皂君庙|近地铁4号线魏公村站|11|2|1960年建成|塔楼/板楼/塔板结合|1.94至2.5元/平米/月|单位自管物业|无开发商|37栋|2891户|106299|2018-11-03 15:43:18.357629
1111046364973|夏霖园|https://bj.lianjia.com/xiaoqu/1111046364973/|海淀|西北旺|近地铁16号线西北旺站|5|4|2003年建成|板楼|0.78至1.78元/平米/月|北京旺达家兴物业管理有限公司|北京德成置业房地产开发有限公司|12栋|808户|80609|2018-11-03 15:43:18.357725
1111027373961|东王庄|https://bj.lianjia.com/xiaoqu/1111027373961/|海淀|五道口|近地铁15号线六道口站|29|4|1993年建成|塔楼/板楼|0.75元/平米/月|北京市宜文安物业管理中心|无开发商|32栋|2686户|79536|2018-11-03 15:43:18.357826
1111027374750|国兴家园|https://bj.lianjia.com/xiaoqu/1111027374750/|海淀|甘家口|近地铁6号线白石桥南站|11|2|2000年建成|塔楼/板楼|2.7元/平米/月|北京国兴三吉利物业管理有限责任公司|北京能源房地产开发有限责任公司|7栋|909户|96651|2018-11-03 15:43:18.357921
1111027376896|定慧北里|https://bj.lianjia.com/xiaoqu/1111027376896/|海淀|定慧寺|近地铁6号线海淀五路居站|9|6|1994年建成|板楼/塔板结合|0.8至0.85元/平米/月|单位自管物业|无开发商|20栋|2328户|75734|2018-11-03 15:43:18.358011
1111027382494|皂君东里|https://bj.lianjia.com/xiaoqu/1111027382494/|海淀|皂君庙|近地铁13号线大钟寺站|32|7|1980年建成|塔楼/板楼/平房|0.5元/平米/月|北京国联同利物业管理中心|无开发商|46栋|3094户|89093|2018-11-03 15:43:18.358102
1111027377498|菊园|https://bj.lianjia.com/xiaoqu/1111027377498/|海淀|马连洼||16|7|1994年建成|板楼/平房|0.8至1.8元/平米/月|北京东居物业管理有限公司|北京海开房地产股份有限公司|29栋|1705户|69043|2018-11-03 15:43:18.358190
1111040862984|龙湖唐宁one|https://bj.lianjia.com/xiaoqu/1111040862984/|海淀|五道口|近地铁13号线五道口站|21|6|2011年建成|塔楼/板楼/塔板结合|4.7至7.8元/平米/月|北京龙湖物业管理公司|北京龙湖时代置业有限公司|12栋|2471户|106049|2018-11-03 15:43:18.358367
1111027377717|绿波漫板|https://bj.lianjia.com/xiaoqu/1111027377717/|海淀|四季青|近地铁6号线慈寿寺站|23|2|2003年建成|板楼/塔板结合|2.2元/平米/月|北京首欣物业管理有限责任公司|北京裕泽房地产开发有限责任公司|8栋|808户|84539|2018-11-03 15:43:46.602596
1111027376159|北洼西里|https://bj.lianjia.com/xiaoqu/1111027376159/|海淀|紫竹桥|近地铁6号线慈寿寺站|11|4|1980年建成|塔楼/板楼/塔板结合|0.98至2元/平米/月|北京首华物业管理有限公司|无开发商|12栋|1758户|82200|2018-11-03 15:43:46.602760
1111027374308|蜂鸟家园|https://bj.lianjia.com/xiaoqu/1111027374308/|海淀|万柳|近地铁10号线巴沟站|41|7|2004年建成|板楼|2.6元/平米/月|北京国世通物业管理有限公司|北京恒宇佳泰房地产开发有限公司|4栋|1280户|139684|2018-11-03 15:43:46.602881
1111027379678|双榆树北里|https://bj.lianjia.com/xiaoqu/1111027379678/|海淀|双榆树|近地铁4号线人民大学站|14|2|1962年建成|塔楼/板楼|1.33至3.5元/平米/月|单位自管物业|无开发商|24栋|1924户|97577|2018-11-03 15:43:46.602994
1111041084751|西山壹号院|https://bj.lianjia.com/xiaoqu/1111041084751/|海淀|西北旺|近地铁16号线马连洼站|28|4|2011年建成|板楼|7.8元/平米/月|天津融创物业管理有限公司北京分公司|北京融创恒基地产有限公司|42栋|1036户|102918|2018-11-03 15:43:46.603105
1111027374195|枫丹丽舍|https://bj.lianjia.com/xiaoqu/1111027374195/|海淀|西三旗|近地铁8号线霍营站|25|4|2000年建成|板楼|2.93元/平米/月|北京瑞赢酒店物业管理有限公司|北京爱立斯房地产开发有限公司|55栋|1526户|67631|2018-11-03 15:43:46.603230
1111027374941|华尔街观典|https://bj.lianjia.com/xiaoqu/1111027374941/|海淀|六里桥|近地铁10号线莲花桥站|19|9|2006年建成|板楼/塔板结合|2.38至4.5元/平米/月|北京中视盛元物业有限公司|北京盛荣房地产开发有限责任公司|4栋|1216户|71781|2018-11-03 15:43:46.603353
1111027378844|清景园|https://bj.lianjia.com/xiaoqu/1111027378844/|海淀|清河|近地铁8号线永泰庄站|13|0|2004年建成|板楼|1.65元/平米/月|北京信铭物业管理有限公司|北京社团住宅合作社|4栋|1426户|60279|2018-11-03 15:43:46.603456
1111027380141|天兆家园|https://bj.lianjia.com/xiaoqu/1111027380141/|海淀|西直门||9|2|2002年建成|塔楼/板楼/塔板结合|2.7至2.8元/平米/月|北京首欣物业管理有限责任公司|北京天缘兆业房地产开发有限公司|10栋|994户|102390|2018-11-03 15:43:46.603562
1111027375644|安宁佳园|https://bj.lianjia.com/xiaoqu/1111027375644/|海淀|安宁庄||2|6|2007年建成|塔楼/塔板结合|1.9元/平米/月|北京实创上地物业管理服务有限责任公司|北京上地房地产开发有限责任公司|7栋|913户|72536|2018-11-03 15:43:46.603662
1111027377530|金隅美和园|https://bj.lianjia.com/xiaoqu/1111027377530/|海淀|清河|近地铁13号线上地站|3|4|2008年建成|板楼|1.98元/平米/月|北京金隅嘉华物业管理有限公司|北京金隅嘉业房地产开发公司|13栋|1596户|65764|2018-11-03 15:43:46.603892
1111027376611|厂洼小区|https://bj.lianjia.com/xiaoqu/1111027376611/|海淀|厂洼|近地铁10号线长春桥站|14|1|1987年建成|塔楼/板楼/塔板结合|0.8至2.1元/平米/月|街道办事处（委员会）代管物业|无开发商|22栋|1935户|85508|2018-11-03 15:43:46.603999
1111027379217|正源尚峰尚水|https://bj.lianjia.com/xiaoqu/1111027379217/|海淀|海淀北部新区||19|3|2012年建成|塔楼/板楼|2.98至3.98元/平米/月|北京正源和美物业服务有限公司|北京世纪正源房地产开发有限公司|34栋|3779户|53631|2018-11-03 15:43:46.604099
1111027376686|晨月园|https://bj.lianjia.com/xiaoqu/1111027376686/|海淀|世纪城|近地铁10号线长春桥站|32|1|2007年建成|塔楼/板楼|1.25至5元/平米/月|北京海青物业管理有限公司|北京金源鸿大房地产开发有限公司|10栋|2307户|87629|2018-11-03 15:43:46.604253
1111027380153|韦伯豪家园|https://bj.lianjia.com/xiaoqu/1111027380153/|海淀|魏公村|近地铁4号线魏公村站|8|3|2000年建成|塔楼/板楼/塔板结合|1.41至2.71元/平米/月|海淀区海房物业管理中心|北京魏公元鼎房地产开发集团有限公司|8栋|1109户|91362|2018-11-03 15:43:46.604362
1111027378230|罗庄西里|https://bj.lianjia.com/xiaoqu/1111027378230/|海淀|知春路|近地铁10号线知春路站|23|1|1992年建成|塔楼/板楼/塔板结合|0.86至4元/平米/月|北京蓟门知春物业管理有限公司|北京住总房地产开发有限责任公司|11栋|1645户|86579|2018-11-03 15:43:46.604461
1111027379193|时代之光名苑|https://bj.lianjia.com/xiaoqu/1111027379193/|海淀|西直门|近地铁2号线西直门站|10|2|2001年建成|塔楼/塔板结合|3.5至4.8元/平米/月|北京鲁能物业管理有限责任公司|北京京洲房地产开发有限公司|4栋|609户|79122|2018-11-03 15:43:46.604564
1111027376101|碧水云天|https://bj.lianjia.com/xiaoqu/1111027376101/|海淀|万柳|近地铁10号线巴沟站|37|2|2003年建成|塔楼/板楼|2.2至2.5元/平米/月|北京亿城物业管理有限公司|北京亿城房地产开发有限公司|12栋|1504户|140966|2018-11-03 15:43:46.604665
1111027378254|牡丹园西里|https://bj.lianjia.com/xiaoqu/1111027378254/|海淀|牡丹园|近地铁10号线牡丹园站|4|1|1989年建成|塔楼/板楼|0.8至1.8元/平米/月|北京市海淀区志新物业管理公司|北京城建集团有限责任公司|9栋|948户|89249|2018-11-03 15:43:46.604762
1111027378259|毛纺厂南小区|https://bj.lianjia.com/xiaoqu/1111027378259/|海淀|清河||11|4|1975年建成|板楼|1.05元/平米/月|北京市燕海物业管理中心|无开发公司|34栋|2311户|67323|2018-11-03 15:43:46.604883
1111027382696|志新村|https://bj.lianjia.com/xiaoqu/1111027382696/|海淀|二里庄||18|4|1989年建成|塔楼/板楼|0.5至4元/平米/月|北京市海淀区志新物业管理公司|北京城建集团有限责任公司|28栋|2220户|91219|2018-11-03 15:43:46.604988
1111027378409|满庭芳园|https://bj.lianjia.com/xiaoqu/1111027378409/|海淀|双榆树|近地铁4号线人民大学站|11|3|1999年建成|塔楼/平房|2.5元/平米/月|第一物业服务（北京）有限公司|北京当代城市房地产开发有限公司|8栋|1274户|90138|2018-11-03 15:43:46.605094
1111027378360|美丽西园|https://bj.lianjia.com/xiaoqu/1111027378360/|海淀|四季青|近地铁6号线海淀五路居站|21|2|1998年建成|板楼/塔板结合|2.28元/平米/月|北京银利娜物业管理中心|北京泽翼房地产开发有限责任公司|13栋|1082户|76372|2018-11-03 15:43:46.605193
1111027378786|沁春家园|https://bj.lianjia.com/xiaoqu/1111027378786/|海淀|西三旗|近地铁8号线育新站|10|1|1999年建成|塔楼/板楼|0.9至1.65元/平米/月|北京育新物业管理有限公司|北京都市房地产开发有限公司|14栋|1375户|59458|2018-11-03 15:43:46.605403
1111027378362|美丽园|https://bj.lianjia.com/xiaoqu/1111027378362/|海淀|四季青|近地铁6号线海淀五路居站|11|2|2000年建成|板楼|1.83元/平米/月|河北恒辉物业服务集团有限公司北京分公司|北京东方鸿铭房地产开发有限公司|34栋|1378户|96950|2018-11-03 15:43:46.605506
1111027374928|海淀南路|https://bj.lianjia.com/xiaoqu/1111027374928/|海淀|苏州桥|近地铁4号线海淀黄庄站|5|4|1980年建成|塔楼/板楼/塔板结合|1至1.81元/平米/月|北京亿方物业管理有限责任公司|首开集团|17栋|2233户|93623|2018-11-03 15:43:46.605634
1111027375647|安宁里南区|https://bj.lianjia.com/xiaoqu/1111027375647/|海淀|安宁庄||9|4|1998年建成|塔楼/板楼|0.8至1.9元/平米/月|北京鼎春德物业管理有限公司|北京上地房地产开发有限责任公司|9栋|1659户|62389|2018-11-03 15:43:46.605744
1111027382754|主语家园|https://bj.lianjia.com/xiaoqu/1111027382754/|海淀|紫竹桥|近地铁6号线白石桥南站|1|7|2007年建成|塔楼/板楼/塔板结合|3.95元/平米/月|北京主语城世邦物业管理有限公司|北京瑞景清源房地产开发有限公司|15栋|575户|114712|2018-11-03 15:43:46.605859
1111027381749|玉海园三里|https://bj.lianjia.com/xiaoqu/1111027381749/|海淀|玉泉路||17|1|1999年建成|塔楼/板楼|0.84至1.4元/平米/月|北京市玉海辉物业管理有限公司|北京海开房地产集团公司|28栋|1821户|70307|2018-11-03 15:43:46.605970
1111027376614|翠微中里|https://bj.lianjia.com/xiaoqu/1111027376614/|海淀|公主坟|近地铁1号线万寿路站|14|9|1986年建成|塔楼/板楼|1.1至2.5元/平米/月|北京中房物业管理有限公司|中国房地产开发北京有限公司|17栋|1774户|87649|2018-11-03 15:43:46.606063
1111027381130|西三环北路105号院|https://bj.lianjia.com/xiaoqu/1111027381130/|海淀|定慧寺|近地铁6号线花园桥站|7|3|1958年建成|塔楼/板楼/塔板结合|0.8至1.8元/平米/月|北京安安物业管理中心|北京建工地产|22栋|2107户|106864|2018-11-03 15:44:15.860989
1111027381979|燕清源|https://bj.lianjia.com/xiaoqu/1111027381979/|海淀|清河||5|3|2005年建成|板楼/塔板结合|1.98元/平米/月|北京长城物业管理有限公司|北京天润置地房地产开发(集团)有限公司|9栋|1211户|69135|2018-11-03 15:44:15.861156
1111027380689|西钓鱼台嘉园|https://bj.lianjia.com/xiaoqu/1111027380689/|海淀|定慧寺|近地铁10号线西钓鱼台站|8|2|2006年建成|塔楼/板楼/塔板结合|3.98至7.98元/平米/月|北京西宇嘉业物业管理有限公司|北京市御水苑房地产开发有限责任公司|7栋|942户|103135|2018-11-03 15:44:15.861255
1111027376555|橙色年代|https://bj.lianjia.com/xiaoqu/1111027376555/|海淀|六里桥||17|6|2004年建成|塔楼/板楼/塔板结合|1.46至2.5元/平米/月|北京首华物业管理有限公司|北京耀辉置业有限公司|5栋|943户|64922|2018-11-03 15:44:15.861365
1111027376136|百旺家苑|https://bj.lianjia.com/xiaoqu/1111027376136/|海淀|马连洼|近地铁4号线安河桥北站|23|1|2003年建成|板楼|1.18至1.86元/平米/月|北京华特物业管理有限公司|北京德成兴业房地产开发有限公司|58栋|1426户|76223|2018-11-03 15:44:15.861463
1111027382338|展春园|https://bj.lianjia.com/xiaoqu/1111027382338/|海淀|五道口|近地铁13号线五道口站|21|8|1980年建成|板楼|暂无信息|北京安居物业管理有限公司|北京城建集团|26栋|1924户|82942|2018-11-03 15:44:15.861570
1111027374505|冠城北园|https://bj.lianjia.com/xiaoqu/1111027374505/|海淀|马甸|近地铁10号线健德门站|9|2|1999年建成|塔楼/板楼/塔板结合|4元/平米/月|北京冠海物业管理有限公司|北京冠海房地产有限公司|5栋|796户|88009|2018-11-03 15:44:15.861666
1111027376959|黄庄小区|https://bj.lianjia.com/xiaoqu/1111027376959/|海淀|中关村|近地铁4号线海淀黄庄站|25|2|1963年建成|塔楼/板楼/塔板结合|1.75至2.23元/平米/月|北京科住物业管理有限公司|中国科学院房产管理所|35栋|1829户|123669|2018-11-03 15:44:15.861758
1111027376593|翠微路2号院|https://bj.lianjia.com/xiaoqu/1111027376593/|海淀|公主坟|近地铁1号线万寿路站|25|4|1955年建成|板楼|0.9至1.8元/平米/月|单位自管物业|无开发商|32栋|1777户|93618|2018-11-03 15:44:15.861871
1111027379638|石油大院|https://bj.lianjia.com/xiaoqu/1111027379638/|海淀|二里庄|近地铁15号线六道口站|13|2|1957年建成|塔楼/板楼/塔板结合|0.6元/平米/月|单位自管物业|北京城建集团有限责任公司|66栋|6584户|88469|2018-11-03 15:44:15.861970
1111027380162|万城华府|https://bj.lianjia.com/xiaoqu/1111027380162/|海淀|万柳|近地铁10号线巴沟站|0|0|2004年建成|板楼|3.5至5.79元/平米/月|北京亿城物业管理有限公司|北京万城置地房地产开发有限公司|56栋|682户|173047|2018-11-03 15:44:15.862182
1111027376602|翠微南里|https://bj.lianjia.com/xiaoqu/1111027376602/|海淀|公主坟|近地铁1号线万寿路站|17|3|1963年建成|塔楼/板楼|1.1至1.8元/平米/月|北京中房物业管理有限公司|中国房地产开发北京有限公司|19栋|1724户|96121|2018-11-03 15:44:15.862278
1111027379497|水木天成|https://bj.lianjia.com/xiaoqu/1111027379497/|海淀|清河|近地铁8号线永泰庄站|11|4|2005年建成|塔楼/板楼|2元/平米/月|北京水木天成物业管理有限责任公司|北京亚太友谊房地产开发房地产开发有限责任公司|7栋|1158户|61643|2018-11-03 15:44:15.862368
1111027379686|双榆树西里|https://bj.lianjia.com/xiaoqu/1111027379686/|海淀|双榆树|近地铁4号线人民大学站|5|9|1980年建成|塔楼/板楼|2.07元/平米/月|单位自管物业|无开发商|8栋|1079户|98431|2018-11-03 15:44:15.862460
1111027378266|明光村小区|https://bj.lianjia.com/xiaoqu/1111027378266/|海淀|西直门||8|5|1976年建成|塔楼/板楼|1.05至1.98元/平米/月|北京盛世腾达物业管理有限公司|无开发商|22栋|1824户|84935|2018-11-03 15:44:15.862550
1111027378339|美林花园|https://bj.lianjia.com/xiaoqu/1111027378339/|海淀|紫竹桥||5|1|2000年建成|塔楼/板楼|2.8元/平米/月|燕桥物业公司|北京辰泰房地产开发有限公司|4栋|760户|89070|2018-11-03 15:44:15.862640
1111027375948|北京印象|https://bj.lianjia.com/xiaoqu/1111027375948/|海淀|定慧寺|近地铁10号线西钓鱼台站|8|5|2003年建成|塔板结合|2.68至4.58元/平米/月|北京宝联物业管理有限公司|北京世纪景源房地产开发有限公司|7栋|1365户|74575|2018-11-03 15:44:15.862732
1111027379186|上地西里|https://bj.lianjia.com/xiaoqu/1111027379186/|海淀|上地||13|3|1997年建成|板楼|1.35至1.65元/平米/月|北京实创上地物业管理服务有限责任公司|北京实创房地产开发公司|17栋|972户|85613|2018-11-03 15:44:15.862847
1111027376361|车道沟10号院|https://bj.lianjia.com/xiaoqu/1111027376361/|海淀|紫竹桥|近地铁10号线车道沟站|8|1|1963年建成|塔楼/板楼/塔板结合/平房|0.64至2.06元/平米/月|北京北方家园物业管理有限责任公司|无开发商|23栋|2279户|99043|2018-11-03 15:44:15.862941
1111027379648|水云居|https://bj.lianjia.com/xiaoqu/1111027379648/|海淀|四季青|近地铁6号线海淀五路居站|8|0|2011年建成|板楼/塔板结合|2.58至2.8元/平米/月|北京银利娜物业管理中心|北京裕泽房地产开发有限责任公司|8栋|771户|86573|2018-11-03 15:44:15.863033
1111027381754|玉海园五里|https://bj.lianjia.com/xiaoqu/1111027381754/|海淀|玉泉路||20|2|1997年建成|板楼|0.93元/平米/月|北京市久筑物业管理有限责任公司|北京海开房地产集团公司|21栋|1601户|73645|2018-11-03 15:44:15.863141
1111027377700|科育小区|https://bj.lianjia.com/xiaoqu/1111027377700/|海淀|中关村|近地铁4号线海淀黄庄站|34|9|1950年建成|板楼/平房|1.92至2.72元/平米/月|北京科住物业管理有限公司|北京中科院|60栋|2488户|126040|2018-11-03 15:44:15.863239
1111027382779|紫竹花园|https://bj.lianjia.com/xiaoqu/1111027382779/|海淀|紫竹桥|近地铁10号线车道沟站|14|0|2000年建成|塔楼/板楼|2.8元/平米/月|乐生活(北京)智慧社区投资发展有限责任公司|北京紫竹花园房地产开发有限公司|6栋|683户|73971|2018-11-03 15:44:15.863332
1111027374290|富力桃园A区|https://bj.lianjia.com/xiaoqu/1111027374290/|海淀|西三旗||11|1|2008年建成|塔楼/板楼|2.2至18元/平米/月|北京恒富物业管理有限公司|北京富力地产开发有限公司|6栋|576户|61783|2018-11-03 15:44:15.863523
1111027381744|玉海园二里|https://bj.lianjia.com/xiaoqu/1111027381744/|海淀|玉泉路||24|4|1997年建成|板楼/塔板结合|1.05至1.68元/平米/月|北京市玉海辉物业管理有限公司|北京海开房地产集团公司|21栋|1454户|67419|2018-11-03 15:44:15.863619
1111027376511|诚品建筑|https://bj.lianjia.com/xiaoqu/1111027376511/|海淀|四季青||18|1|2003年建成|板楼|2.9至3.6元/平米/月|北京金地物业管理有限责任公司|北京世博伟业房地产开发有限公司|9栋|817户|91437|2018-11-03 15:44:15.863710
1111027374627|观澜国际|https://bj.lianjia.com/xiaoqu/1111027374627/|海淀|四季青|近地铁10号线车道沟站|6|1|2003年建成|板楼|2.66元/平米/月|燕桥物业公司|北京首开天鸿集团有限公司|6栋|969户|94389|2018-11-03 15:44:15.863811
1111027381399|学院派|https://bj.lianjia.com/xiaoqu/1111027381399/|海淀|皂君庙||7|10|2009年建成|塔楼/塔板结合|3.38至7元/平米/月|中海宏洋物业管理有限公司北京分公司|中海地产|3栋|938户|80584|2018-11-03 15:44:15.863906
1111027379162|上地佳园|https://bj.lianjia.com/xiaoqu/1111027379162/|海淀|上地|近地铁13号线上地站|6|1|2003年建成|板楼/塔板结合|1.58至1.9元/平米/月|北京实创上地物业管理服务有限责任公司|北京实创上地佳园房地产开发有限公司|22栋|1336户|94246|2018-11-03 15:44:15.863996
1111027377002|建材城东二里|https://bj.lianjia.com/xiaoqu/1111027377002/|海淀|西三旗||17|6|1998年建成|塔楼/板楼|0.86元/平米/月|北京市西三旗物业管理公司|北京城建集团有限责任公司|14栋|1271户|59086|2018-11-03 15:44:15.864082
